"","FWB_id","collection_site_id","waterbody_type","collection_decimal_latitude","collection_decimal_longitude","site_interspe_var_N","site_intraspe_var_N","site_interspe_var_C","site_intraspe_var_C","site_nbspe","site_mean_sample_id","site_min_sample_id","Climate_zone","Type","Latitude","Longitude","Size","dis_r_sv","TP","TN","Distance_km","temp","hft","prec","pop","crp","urb","upstr","regul","pop_den","size_class","size_z_scored","hydro_dis_z_scored","TP_class","Climate_zone_e","Climate_zone_e2","distance_to_env_m","match_flag","propintraspecific_N","propintraspecific_C","propintraspecific_Total"
"1","FWB_0019","Bullock Crossing","lotic",-18.440485,125.385156,0.0493737338012501,0.045355522274653,0.0637972361688389,0.0409458050758933,2,12,6,17,"lotic",-18.440485,125.385156,3.17329251324624,4.99410563159376,4.49145575198563,81.55365369,35.7873338271701,275,5,476,-6.90775527898214,0,0,5.86233775426197,0,-5.29631936388536,"large",1.1490940608023,-0.310202188538389,"low_prod","Extremely hot and xeric","Hot and dry",0,"ok",0.478791074198992,0.390916709972393,0.432648184784397
"2","FWB_0068","Mungungudha","lotic",-18.504371,125.195568,0.0333622894013635,0.0615405286814061,0.073953451586008,0.034983990388722,3,7.66666666666667,5,17,"lotic",-18.504371,125.195568,4.36196422363683,4.73080301981415,4.51090233625898,109.8949317,23.3723277787241,275,46,470,-6.21460809842219,0,0,7.72641466362599,0,-4.70942020736189,"large",1.96088501433862,-0.65886695436101,"low_prod","Extremely hot and xeric","Hot and dry",0,"ok",0.648458390642662,0.321138350181172,0.473530199789287
"3","FWB_0108","Belgian Pond 2","lentic",50.984264,5.336256,0.0368486202413311,0.01605557609751,0.0342899044729718,0.0115121888568906,9,10.2222222222222,6,10,"lentic",50.984264,5.336256,-1.89711998488588,1.53579352511601,6.1125779416245,8488.206111,111.852715992236,98,344,806,1.77155676191054,12,40,1.92905605627003,0,6.48022860940605,"small",-0.856047606818498,1.2913324631945,"high_prod","Cool temperate and moist","Cool and moist",0,"ok",0.303483980640725,0.251346347294237,0.279290864309951
"4","FWB_0109","Belgian Pond 3","lentic",51.035481,4.177956,0.00719201568705268,0.0209438144126605,0.0386219774869085,0.0310469671553117,6,8.33333333333333,6,10,"lentic",51.035481,4.177956,-0.415515443961666,-4.05294673352617,5.1208528932036,1478.620061,70.3326972820644,103,365,775,3.4251742910436,15,87,-2.10365227039489,0,7.08774913711967,"large",-0.255054668996844,-0.785083942999526,"high_prod","Cool temperate and moist","Cool and moist",0,"ok",0.744382317437792,0.445635674757973,0.531577131128357
"5","FWB_0150","Blackbrook 24-culverts","lotic",47.8123,-67.74977,3.98542431655966e-05,0.0611613073111486,0.0693654054176975,0.0390154903227239,2,11.5,10,7,"lotic",47.8123,-67.74977,2.21112748250521,6.52511685810556,1.60632598199739,572.9540348,50.3817319893594,20,0,1030,-6.90775527898214,0,0,5.91300831573183,0,-11.5129254649702,"large",0.491993482958224,1.71715966387782,"low_prod","Cold and mesic","Cold and wet/mesic",0,"ok",0.999348799235939,0.359984940668587,0.590727575970871
"6","FWB_0151","BLR","lotic",45.33,-65.78,0.0106576511378608,0.0805575360885223,0.150039560211647,0.0510015988097459,2,5,5,7,"lotic",45.33,-65.78,1.98718918197475,4.93049691739687,-1.38659437812049,13.29489939,44.9340914618772,56,148,1325,0.120446153075867,1,0,2.27408376143324,0,3.74395955698325,"large",0.339057155011805,-0.394432714357479,"low_prod","Cold and mesic","Cold and wet/mesic",0,"ok",0.883159247248925,0.253687349685041,0.450149796872955
"7","FWB_0156","CherryBrook 20-culverts","lotic",47.62245,-67.931555,0.00785619356507721,0.0835828340805112,0.0273234839814146,0.0285003234249504,2,15,10,7,"lotic",47.62245,-67.931555,1.38529386078631,5.988121950695,3.41521420933581,1039.4769,71.7834382543419,19,5,1056,-6.21460809842219,1,0,3.02135177352468,0,-2.30248509799371,"large",-0.0720009802542047,1.00607213468552,"low_prod","Cold and mesic","Cold and wet/mesic",0,"ok",0.914082708802118,0.510540659068353,0.761109600164355
"8","FWB_0157","CherryBrook 21-culverts","lotic",47.62246,-67.931485,0.0131241527458876,0.0740489232965595,0.0131580928635014,0.0583276342566208,2,13,10,7,"lotic",47.62246,-67.931485,1.38529386078631,5.988121950695,3.41521420933581,1039.4769,71.7909172320597,19,5,1056,-6.21460809842219,1,0,3.02135177352468,0,-2.30248509799371,"large",-0.0720009802542047,1.00607213468552,"low_prod","Cold and mesic","Cold and wet/mesic",0,"ok",0.84944717633347,0.81593398579564,0.834347385171821
"9","FWB_0158","CherryBrook 22-culverts","lotic",47.646641,-67.954117,0.0308712386266319,0.0729298715542713,0.0359996328311964,0.0352078001720783,2,10.5,10,7,"lotic",47.646641,-67.954117,1.57422515667836,5.40694385132873,3.41521420933581,1039.4769,71.9341344246427,20,0,1048,-6.90775527898214,0,0,2.79923126175466,0,-11.5129254649702,"large",0.0570276787980591,0.236477315449977,"low_prod","Cold and mesic","Cold and wet/mesic",0,"ok",0.702592404138743,0.494439957840626,0.617899387988998
"10","FWB_0172","Five Fingers River 12-sediment_traps","lotic",47.573836,-67.376062,0.00180580176900278,0.0635310784048969,0.0496345598327096,0.0391962896212002,2,9.5,9,7,"lotic",47.573836,-67.376062,2.37602141106723,5.24988506069325,1.60632598199739,572.9540348,62.298841168052,23,69,1004,-2.07944154167984,7,0,3.75258192273198,0,1.83130224589793,"large",0.604606072565261,0.0285003945710471,"low_prod","Cold and mesic","Cold and wet/mesic",0,"ok",0.972361677444707,0.441246367249222,0.666335090191058
"11","FWB_0176","Five Fingers River 4-sediment_traps","lotic",47.535488,-67.353338,0.0133862494794233,0.0320670141326679,0.10597970664269,0.0361033692213073,3,10,10,7,"lotic",47.535488,-67.353338,0.529451087889156,6.39326818828272,1.60632598199739,572.9540348,68.5393196690766,23,155,1016,-3.47376807449699,7,0,2.385271380253,0,1.8995684848618,"small",-0.656489880439312,1.54256593206067,"low_prod","Cold and mesic","Cold and wet/mesic",0,"ok",0.705494206232038,0.254100419784448,0.363504926802024
"12","FWB_0178","Five Fingers River 6-sediment_traps","lotic",47.52918,-67.339994,0.12809731078748,0.0350231362234227,0.170850359096314,0.0440722085700445,2,10,10,7,"lotic",47.52918,-67.339994,0.529451087889156,6.39326818828272,1.60632598199739,572.9540348,69.5778135603455,23,155,1016,-3.47376807449699,7,0,2.385271380253,0,1.8995684848618,"small",-0.656489880439312,1.54256593206067,"low_prod","Cold and mesic","Cold and wet/mesic",0,"ok",0.214707210930349,0.205060869356732,0.209223135258805
"13","FWB_0179","Five Fingers River 7-fishway","lotic",47.55207,-67.377902,0.0825248790625938,0.0307927264729704,0.073051229312506,0.0336433986345449,4,10.75,8,7,"lotic",47.55207,-67.377902,0.235072122179483,5.6442279792784,1.60632598199739,572.9540348,65.8954315155162,23,207,1010,-2.37515578582888,16,0,0.235080027286578,0,2.60209765837909,"small",-0.857532926374984,0.550688459600134,"low_prod","Cold and mesic","Cold and wet/mesic",0,"ok",0.271738238091399,0.315324204056844,0.292875191927029
"14","FWB_0181","Five Fingers River 9-fishway","lotic",47.536839,-67.377881,0.115881395309309,0.022315359375359,0.23275075585559,0.0133086291224005,2,10,10,7,"lotic",47.536839,-67.377881,1.43198448703701,5.16063943943055,1.60632598199739,572.9540348,68.4036002753537,23,245,1023,-1.15836229307388,9,0,1.43198687537903,0,2.82357943960552,"large",-0.0401141037735586,-0.0896784697704024,"low_prod","Cold and mesic","Cold and wet/mesic",0,"ok",0.161475277956253,0.0540870616399814,0.092708963685093
"15","FWB_0205","MacDougal Brook 17-culverts","lotic",47.837775,-67.714379,0.0195503751224296,0.0871164751271024,0.0371561117161883,0.0508094940976806,3,10,7,7,"lotic",47.837775,-67.714379,1.03992329231943,6.42389086516748,1.60632598199739,572.9540348,45.0022230540872,17,0,1050,-6.90775527898214,0,0,3.23344951093054,0,-11.5129254649702,"small",-0.307868209740956,1.58311641651171,"low_prod","Cold and mesic","Cold and wet/mesic",0,"ok",0.816715548676142,0.577606368166112,0.708648351947293
"16","FWB_0206","MacDougal Brook 18-culverts","lotic",47.837821,-67.714467,0.0389660222545802,0.110198633103776,0.00277807681238744,0.0530016415663424,2,13,9,7,"lotic",47.837821,-67.714467,1.03992329231943,6.42389086516748,1.60632598199739,572.9540348,45.0080056470052,17,0,1050,-6.90775527898214,0,0,3.23344951093054,0,-11.5129254649702,"small",-0.307868209740956,1.58311641651171,"low_prod","Cold and mesic","Cold and wet/mesic",0,"ok",0.7387717474963,0.950195574787147,0.796314979007332
"17","FWB_0212","Newburn Lake","lentic",51.693,-103.177,0.0696347740421288,0.0136315300900341,0.0457775205722258,0.0280485962960689,3,13.6666666666667,9,7,"lentic",51.693,-103.177,0.418710334858185,-1.71217090439687,4.75889072960575,938.6097831,110.365834065599,7,30,431,-4.60517018598809,44,0,3.16209423413915,0,-1.26227304627414,"large",0.0833377884849283,0.0845977938302637,"low_prod","Cold and mesic","Cold and wet/mesic",0,"ok",0.163710041319928,0.379927828875347,0.26532232504063
"18","FWB_0213","Nicolet - site 10","lotic",46.234548,-72.641292,0.0647281445573643,0.0291801718413881,0.0124015061074751,0.0577914173993274,3,6,6,7,"lotic",46.234548,-72.641292,3.90636704057199,5.44635412399004,2.36610443212954,561.0762125,10.6132063374865,53,330,1004,1.30806251285032,58,17,7.33135889194039,0,5.31935947047363,"large",1.6497396674479,0.288664315782369,"low_prod","Cold and mesic","Cold and wet/mesic",0,"ok",0.310730433260922,0.823322558914742,0.529987398576453
"19","FWB_0214","Nicolet - site 11","lotic",46.24927,-72.651916,0.02113782782509,0.0576728656682082,0.00439784355249774,0.0298870285498037,4,7.5,6,7,"lotic",46.24927,-72.651916,3.90636704057199,5.44635412399004,2.36610443212954,561.0762125,10.5228746495949,53,330,1004,1.30806251285032,58,17,7.33135889194039,0,5.31935947047363,"large",1.6497396674479,0.288664315782369,"low_prod","Cold and mesic","Cold and wet/mesic",0,"ok",0.731789851247947,0.871726412180417,0.774211559550472
"20","FWB_0215","Nicolet - site 7","lotic",46.224836,-72.618709,0.0268780693985903,0.0248481361103792,0.0120113574089918,0.0377181335377951,3,9.66666666666667,7,7,"lotic",46.224836,-72.618709,3.90636704057199,5.44635412399004,2.36610443212954,561.0762125,9.86827799617763,53,330,1004,1.30806251285032,58,17,7.33135889194039,0,5.31935947047363,"large",1.6497396674479,0.288664315782369,"low_prod","Cold and mesic","Cold and wet/mesic",0,"ok",0.480378095897068,0.758466109740706,0.61668562568548
"21","FWB_0216","Nicolet - site 9","lotic",46.230452,-72.629703,0.0510200165764471,0.0233147379060738,0.0212097483312899,0.0219240108253411,5,6.8,6,7,"lotic",46.230452,-72.629703,3.90636704057199,5.44635412399004,2.36610443212954,561.0762125,10.0322046847798,53,330,1004,1.30806251285032,58,17,7.33135889194039,0,5.31935947047363,"large",1.6497396674479,0.288664315782369,"low_prod","Cold and mesic","Cold and wet/mesic",0,"ok",0.313645186136399,0.508279622597435,0.385113826079237
"22","FWB_0217","Nicolet - site A","lotic",46.21854,-72.6074,0.0221859926270871,0.0624870403915306,0.0121754190177041,0.0424729600239443,4,8.5,6,7,"lotic",46.21854,-72.6074,3.90636704057199,5.44635412399004,2.36610443212954,561.0762125,10.0155860481161,53,330,1004,1.30806251285032,58,17,7.33135889194039,0,5.31935947047363,"large",1.6497396674479,0.288664315782369,"low_prod","Cold and mesic","Cold and wet/mesic",0,"ok",0.737980419076179,0.777204388653047,0.75336589590459
"23","FWB_0218","Nicolet - site C","lotic",46.1888,-72.567,0.0353616934946507,0.0161623237842247,0.0367193728400023,0.0260334580817321,7,5.57142857142857,5,7,"lotic",46.1888,-72.567,3.66607131478793,5.21539480373206,2.36610443212954,561.0762125,13.5507112878318,52,173,1013,-0.901402119380404,68,0,6.60878845253052,0,2.98643973131045,"large",1.4856322064393,-0.0171715312987898,"low_prod","Cold and mesic","Cold and wet/mesic",0,"ok",0.31368524113222,0.414857110019485,0.369241736452893
"24","FWB_0219","Nicolet - site GL","lotic",46.227356,-72.624696,0.0371471195167041,0.0330148418748022,0.0324970691664698,0.0470632948817608,4,6.75,6,7,"lotic",46.227356,-72.624696,3.90636704057199,5.44635412399004,2.36610443212954,561.0762125,9.9925154786115,53,330,1004,1.30806251285032,58,17,7.33135889194039,0,5.31935947047363,"large",1.6497396674479,0.288664315782369,"low_prod","Cold and mesic","Cold and wet/mesic",0,"ok",0.470551866282332,0.59154197501196,0.534844329470387
"25","FWB_0227","Ruisseau Blais 14-culverts","lotic",48.351446,-67.22151,0.0451671307754001,0.0833372747411089,0.086518908554386,0.0385540116063307,2,7,7,7,"lotic",48.351446,-67.22151,0.567016903415733,5.50780601585525,0.323176925074113,312.8250844,59.2395461245305,18,115,1054,-2.24431618487007,4,0,0.567022575549391,0,2.52107864982181,"small",-0.630834698322906,0.370038781997212,"low_prod","Cold and mesic","Cold and wet/mesic",0,"ok",0.648516869177707,0.308252270409849,0.480686851720303
"26","FWB_0255","Lago_Chungará","lentic",-18.235698,-69.174814,0.0483037106072567,0.0267723225502028,0.0283131377418774,0.0244002552917566,2,82.5,74,6,"lentic",-18.235698,-69.174814,3.05729762921215,-8.12226176757191,3.97713005667184,557.8130359,59.8767656339172,20,20,316,-3.64965874096066,0,0,1.09259756979098,0,-1.42707468984151,"large",1.15364520583631,-2.29697966683434,"low_prod","Extremely cold and mesic","Cold and wet/mesic",0,"ok",0.356602785526139,0.462885310307912,0.400444538857519
"27","FWB_0263","Río_Chungara_CH05","lotic",-18.310797,-69.132427,0.100575724599887,0.0255712813328087,0.00226571510657484,0.0229442662480765,2,26.5,19,6,"lotic",-18.310797,-69.132427,-0.400477566597125,3.62642670557846,5.61102805647569,1588.182798,60.492014636203,-4,4,312,-4.07454193492592,0,0,-0.400462641335373,0,-1.45667390788247,"small",-1.29157496116198,-2.12127975148637,"high_prod","Extremely cold and mesic","Cold and wet/mesic",0,"ok",0.202710172498679,0.910126268056251,0.320537217675849
"28","FWB_0277","monreal2","lentic",-45.8725212,-72.0208877,0.00828629296965517,0.0869991885489099,0.0286355827476096,0.0360181454888028,3,10.3333333333333,6,7,"lentic",-45.8725212,-72.0208877,0.72270598280149,-3.36918459873413,4.58014694722941,2384.914772,58.9658478321016,62,23,882,-1.06421086195078,1,0,1.5166667067055,0,2.05591827638635,"large",0.206649530920921,-0.531041914043008,"low_prod","Cold and mesic","Cold and wet/mesic",0,"ok",0.913037192680391,0.557093093798073,0.769150568057526
"29","FWB_0283","thompson","lentic",-45.646731,-71.792894,0.0130129091009106,0.105532580301677,0.0794607326864554,0.0547695747010507,2,7,6,7,"lentic",-45.646731,-71.792894,-0.083381608939051,-1.24075219471331,4.58014694722941,2384.914772,43.5995977756901,56,18,752,-1.81400507817537,0,0,1.93715911304622,0,2.04730696247119,"large",-0.120329049746448,0.259746664179015,"low_prod","Cold and mesic","Cold and wet/mesic",0,"ok",0.890228559800213,0.40802688876319,0.634167341329136
"30","FWB_0292","a9","lotic",22.488935,112.273781,0.0594802706406618,0.0302752071491786,0.0792994471335306,0.0357575374728322,4,6,5,14,"lotic",22.488935,112.273781,0.940397807217388,5.34646262510399,5.10379908599664,301.3203383,33.1814519828405,196,84,1765,0.630739720431328,26,0,0.940401711934482,0,4.74664379306385,"small",-0.375838102307511,0.156388202638731,"low_prod","Hot and dry","Hot and dry",0,"ok",0.337307626171486,0.310781110726717,0.322405891953354
"31","FWB_0308","Hucks Farm Middle Lake","lentic",52.219124,-2.345661,0.0348864486511864,0.0180005565433829,0.00390340022924201,0.0390890266087593,6,32.1666666666667,7,10,"lentic",52.219124,-2.345661,-1.66073120682165,-4.31673839464576,5.74345478197933,8672.27107,33.8114054041616,96,410,647,3.17605182767727,62,31,-3.81625838344377,0,6.56836159308064,"small",-0.760159681078022,-0.883091956901925,"high_prod","Cool temperate and moist","Cool and moist",0,"ok",0.340358779574671,0.909207260061166,0.595430969311006
"32","FWB_0309","Hucks Farm Top  Lake","lentic",52.219607,-2.34395,0.0195982887688177,0.0254809574368766,0.0179756502550273,0.0345340888668532,6,30.1666666666667,29,10,"lentic",52.219607,-2.34395,-1.66073120682165,-4.31673839464576,5.74345478197933,8672.27107,33.7877136264964,96,410,647,3.17605182767727,62,31,-3.81625838344377,0,6.56836159308064,"small",-0.760159681078022,-0.883091956901925,"high_prod","Cool temperate and moist","Cool and moist",0,"ok",0.565248081580785,0.657670166418005,0.614977664766967
"33","FWB_0311","Millstream_Frome_River","lotic",50.678097,-2.179381,0.0299379581223275,0.020738436218414,0.00323213899085477,0.00638933896984883,6,31.3333333333333,5,10,"lotic",50.678097,-2.179381,2.06686275947298,5.45832844211236,6.30828738103638,487.7141237,65.9324400787407,100,247,800,-0.605136303237232,24,0,4.43199479520926,0,3.57520698972167,"large",0.393469394222649,0.30452068270477,"high_prod","Cool temperate and moist","Cool and moist",0,"ok",0.40923267111254,0.664070426180303,0.449896060223218
"34","FWB_0319","001_Aulne","lotic",48.336464,-3.6805324,0.0712331023599173,0.0207286650109146,0.0222226132214583,0.038903577971859,5,5,5,10,"lotic",48.336464,-3.6805324,1.5999934536061,6.04125791187349,4.42146975602532,745.1427224,79.2542454120298,109,112,996,-2.06356819252355,35,0,4.2812944196673,0,2.77183906631798,"large",0.0746258685683089,1.07643466294091,"low_prod","Cool temperate and moist","Cool and moist",0,"ok",0.225405248328114,0.636446950355908,0.389529284615717
"35","FWB_0321","003_Grande Vallée","lotic",49.638944,-1.831727,0.070324994392711,0.0227679837129821,0.0647605870495675,0.045781092936935,3,5,5,10,"lotic",49.638944,-1.831727,-0.20334092401803,5.46719133015896,5.27299039647049,9417.570433,191.608081442316,107,136,940,-1.07587280169862,50,0,-0.208242623625355,0,3.72463286503933,"small",-1.15694254612483,0.316256900452071,"low_prod","Cool temperate and moist","Cool and moist",0,"ok",0.244572514235526,0.414152317411179,0.336627749382826
"36","FWB_0322","004_Couesnon","lotic",48.3780983,-1.5039129,0.0470405022875678,0.0237178577490448,0.0470345831589966,0.0220900614583022,9,5,5,11,"lotic",48.3780983,-1.5039129,1.68380299438941,5.88931088059642,4.77998987567694,3326.549151,90.4450275499445,112,144,730,-0.944175935363691,47,0,4.71850788911158,0,3.71676233822578,"large",0.13186272079016,0.875226723074331,"low_prod","Warm temperate and mesic","Warm temperate",0,"ok",0.335195130819489,0.319568535659047,0.327473085959811
"37","FWB_0331","013_Bléou","lotic",44.7059497,1.3771011,0.0316049487473966,0.0558338885243625,0.0920779004620743,0.0252500028533308,3,5,5,11,"lotic",44.7059497,1.3771011,0.34571510370239,5.00351789347025,5.2333987395794,5259.649283,73.817138046421,119,61,838,-1.29828348379718,6,0,0.345722180818183,0,2.84071513512654,"small",-0.781970455519959,-0.297738491118736,"low_prod","Warm temperate and mesic","Warm temperate",0,"ok",0.638547929804136,0.215208847510492,0.395981745595925
"38","FWB_0332","014_Nahon","lotic",47.0077488,1.4573622,0.0501477481183694,0.0170462346169206,0.03610351864511,0.0123401035437204,7,5,5,10,"lotic",47.0077488,1.4573622,0.960498986538475,4.55261255284099,4.7940304934811,2657.084495,27.4960639292948,109,148,719,-0.549913012474038,79,0,0.960502813549905,0,2.69496563700081,"small",-0.362110211430973,-0.894826396688998,"low_prod","Cool temperate and moist","Cool and moist",0,"ok",0.253686921402978,0.254731231608144,0.25412441030687
"39","FWB_0333","015_Vendinelle","lotic",43.5397629,1.8041326,0.0745647131816501,0.00998291309327346,0.0590412835989757,0.0229679771264806,6,5,5,11,"lotic",43.5397629,1.8041326,1.22817749302275,4.65950914379905,5.22638461642103,1074.082287,58.4198501124076,127,172,756,0.264669298142708,98,0,1.92103326948883,0,3.83165879607848,"small",-0.179301965789586,-0.753274155327932,"low_prod","Warm temperate and mesic","Warm temperate",0,"ok",0.11807443370216,0.280065652626364,0.197835651309206
"40","FWB_0336","026_Ru des Vaux, Auffargis","lotic",48.6991596,1.9117367,0.0122445070506073,0.025154601199414,0.044726403839443,0.0355568797633518,3,18.3333333333333,16,10,"lotic",48.6991596,1.9117367,1.11218640869523,4.39455301793704,5.79433044615551,7415.941657,55.9295657373287,103,228,649,1.51358758677727,41,0,1.56444263855139,0,4.86744990842047,"small",-0.258516867704778,-1.10412850102759,"high_prod","Cool temperate and moist","Cool and moist",0,"ok",0.672598956939025,0.442892694066564,0.515892649757637
"41","FWB_0339","031_Rémarde, Saint-Arnoult-en-Yveline, aval","lotic",48.5744238,1.9643203,0.185219097540485,0.0191172998061529,0.118956040848969,0.03674218682565,2,13,5,10,"lotic",48.5744238,1.9643203,1.34260367249516,4.24409046730383,5.79433044615551,7415.941657,67.6150098555885,104,249,642,2.09099949051356,29,12,1.3426062841397,0,4.95409323144935,"large",-0.101155799332157,-1.30337069474161,"high_prod","Cool temperate and moist","Cool and moist",0,"ok",0.0935579762313325,0.235983333750173,0.155150318190937
"42","FWB_0341","036_Aulne, Bullion","lotic",48.6033552,1.9956741,0.035593542325268,0.0300985281586732,0.0313220560997204,0.0493885488219575,3,14,5,10,"lotic",48.6033552,1.9956741,-0.231932057347289,5.63504045402513,5.79433044615551,7415.941657,61.6274880784029,106,190,633,-0.898942093539542,43,0,1.79309357890785,0,4.43086453579912,"small",-1.17646856258939,0.538522357945198,"high_prod","Cool temperate and moist","Cool and moist",0,"ok",0.458175970660431,0.611921430521856,0.542934592967007
"43","FWB_0343","040_l’Aude","lotic",42.5551044,2.0743202,0.243871595170867,0.0200918458453216,0.00164885795510244,0.0731862146699059,2,5,5,7,"lotic",42.5551044,2.0743202,1.11972125187834,4.67606465339073,5.03549808667674,766.5302192,72.4365441505129,52,182,1185,0.0227394869694893,1,0,1.11972451558059,0,3.47751037335342,"small",-0.253371025098362,-0.731351384278128,"low_prod","Cold and mesic","Cold and wet/mesic",0,"ok",0.0761160173089626,0.977966775506924,0.275320158617972
"44","FWB_0355","054_Rouillon, Ballainvillier","lotic",48.6777192,2.29522,0.133431414388715,0.0265212687331856,0.00513375391015969,0.0535510430704168,2,17.5,5,10,"lotic",48.6777192,2.29522,0.059211859631846,4.59437604194248,5.79433044615551,7415.941657,38.7747337834933,108,350,650,3.18676577094997,10,82,0.0592212846581184,0,7.22570270740564,"small",-0.977634859461104,-0.839523272086144,"high_prod","Cool temperate and moist","Cool and moist",0,"ok",0.165806963756735,0.912519865888624,0.366233235793203
"45","FWB_0356","055_Orge, Viry-Châtillon","lotic",48.6728894,2.3585448,0.0806121756754785,0.010170099655393,0.0183936459714033,0.0401237190922584,5,15.4,6,10,"lotic",48.6728894,2.3585448,1.80959938735639,5.19598125586153,5.79433044615551,7415.941657,40.0685060730983,111,400,637,4.64724259840993,16,100,4.54454942041422,0,8.42817573304476,"large",0.217774056027151,-0.0428789106381621,"high_prod","Cool temperate and moist","Cool and moist",0,"ok",0.112027371183706,0.68567200605508,0.33686496909669
"46","FWB_0360","059_Almont","lotic",48.5590133,2.7356275,0.0920898815736498,0.029833275489638,0.110012421027579,0.0472911556258289,3,5,5,10,"lotic",48.5590133,2.7356275,1.3955018418708,4.89341987030245,5.79433044615551,7415.941657,76.0037489227013,109,286,640,1.20297230399235,57,4,3.06995856013686,0,4.67511602991919,"large",-0.0650295459836429,-0.443530062291851,"high_prod","Cool temperate and moist","Cool and moist",0,"ok",0.244689164947986,0.300636238742537,0.276207188648769
"47","FWB_0361","061_Couze Chambon","lotic",45.5574074,2.8829685,0.00193206720233746,0.0896226841719357,0.167761088486664,0.020969270985759,2,5,5,7,"lotic",45.5574074,2.8829685,0.669878553620591,4.97955706994714,6.1750377327876,3018.886887,51.0923358091196,58,109,968,-1.76609172247948,56,0,0.669883671314763,0,2.10242659966732,"small",-0.560586406576581,-0.329467363332109,"high_prod","Cold and mesic","Cold and wet/mesic",0,"ok",0.978897138888628,0.111107036750084,0.394569496837039
"48","FWB_0363","071_Vis","lotic",43.8972981,3.4905225,0.140980687698896,0.0297959976464535,0.235430693940143,0.0253029984111267,2,5,5,11,"lotic",43.8972981,3.4905225,2.36809189519617,4.85138821253769,3.91144095446935,319.5858164,22.7294831676669,116,93,757,-2.59026716544583,20,0,3.85950812310052,0,1.06918691085846,"large",0.5991906923608,-0.499188295275697,"low_prod","Warm temperate and mesic","Warm temperate",0,"ok",0.174473451022891,0.0970453729356837,0.127688692799686
"49","FWB_0366","074_Cure","lotic",47.4834104,3.7587245,0.273289892984542,0.0147928872554318,0.00659087028625872,0.114098434858965,2,5,5,10,"lotic",47.4834104,3.7587245,2.28228033965368,4.78470514887628,6.58116074782446,12555.1486,97.2186176336327,108,110,722,-0.293029678778376,13,0,4.35658074156397,318,2.81762243500996,"large",0.540586585028779,-0.587489868202372,"high_prod","Cool temperate and moist","Cool and moist",0,"ok",0.0513494324204637,0.945389773531896,0.31531341479186
"50","FWB_0367","075_Loire","lotic",44.8925975,3.919868,0.0963996812104584,0.0113991400667472,0.0678206787815845,0.0285248691748589,5,5,5,8,"lotic",44.8925975,3.919868,0.513422249613257,6.5646145826295,5.37119090688994,1557.371131,117.81876523346,86,33,722,-3.81671282562382,2,0,4.17264744959334,0,2.54944595217527,"small",-0.667436608450358,1.76946246778314,"high_prod","Cool temperate and dry","Cool temperate and dry/xeric",0,"ok",0.105744570596317,0.296068368283656,0.195567526018374
"51","FWB_0370","078_Gagne","lotic",44.9926005,4.0601018,0.173655771141359,0.0207757876728267,0.0236799196587224,0.10451309672705,2,5,5,7,"lotic",44.9926005,4.0601018,0.958200134951365,4.69722993173004,6.25111954810256,2894.714589,103.865629922752,66,60,877,-0.939047718996771,27,0,0.958203970770629,0,2.67200912088747,"small",-0.363680188158463,-0.703324367129052,"high_prod","Cold and mesic","Cold and wet/mesic",0,"ok",0.106853989133943,0.815279175680973,0.388342655925155
"52","FWB_0372","080_Furan","lotic",45.5219521,4.2604946,0.0643043625408984,0.020476032035954,0.0791573361304608,0.036209006119878,4,5,5,10,"lotic",45.5219521,4.2604946,1.25504607450994,4.92815030755728,6.25111954810256,2894.714589,69.0923995703984,104,383,745,1.51798030194527,56,62,2.9539728606277,0,5.77420679668435,"small",-0.160952348149169,-0.397540090181319,"high_prod","Cool temperate and moist","Cool and moist",0,"ok",0.241518480046619,0.313861091663168,0.283217398666732
"53","FWB_0374","086_Marche","lotic",49.6119707,5.3157959,0.0705083594863771,0.0454526644538328,0.0150955095444891,0.0665733545064696,3,5,5,10,"lotic",49.6119707,5.3157959,1.31184017519494,5.11646178782616,6.1125779416245,8488.206111,128.57497760041,93,73,985,-0.438504962186365,21,0,2.42329805444502,0,3.1697280167518,"large",-0.122165409125299,-0.148178423292063,"high_prod","Cool temperate and moist","Cool and moist",0,"ok",0.391965014704151,0.815161999375062,0.566847555797372
"54","FWB_0378","095_Bez","lotic",44.691714,5.497978,8.9220772743537e-07,0.0779670235717466,0.0257233881473069,0.0550954348392222,2,24.5,7,10,"lotic",44.691714,5.497978,0.818898385865506,5.7588596134327,5.37119090688994,1557.371131,85.7431407959685,83,60,977,-1.78976146656538,1,0,3.17170077569806,0,2.94606975399321,"small",-0.458814865572909,0.70248342892512,"high_prod","Cool temperate and moist","Cool and moist",0,"ok",0.999988556732362,0.681715382670266,0.837994781208127
"55","FWB_0379","096_Vair","lotic",48.404116,5.7305377,0.0648585099528407,0.0117775229698981,0.068003471619553,0.014523108522978,8,5,5,10,"lotic",48.404116,5.7305377,2.03679496695836,4.95242259755892,4.35723798832554,545.875074,70.7049848730473,93,186,763,-0.52932909533055,41,0,4.19095707544019,0,3.5863485424592,"large",0.372934908760596,-0.365398774710881,"low_prod","Cool temperate and moist","Cool and moist",0,"ok",0.153681271338402,0.175980980889978,0.165243777959907
"56","FWB_0381","098_Archiane","lotic",44.726639,5.521828,1.18813707014059e-05,0.0570956904891432,0.0356268424218634,0.0485768378015469,2,28,16,7,"lotic",44.726639,5.521828,1.4530179931628,4.52368491038978,5.37119090688994,1557.371131,90.4781323130011,51,71,1162,-1.76026080216868,15,0,1.4530203317943,0,1.35609542903895,"large",-0.025749490024605,-0.933132320101165,"high_prod","Cold and mesic","Cold and wet/mesic",0,"ok",0.999791947541903,0.576896849076693,0.7477998158875
"57","FWB_0382","099_Nonnière","lotic",44.7236,5.5454,0.0189719727254389,0.0505166224919472,0.00602751986697478,0.0378836228852062,2,30,20,7,"lotic",44.7236,5.5454,-0.134674903326602,5.69614623372006,5.37119090688994,1557.371131,92.6284157542843,73,35,1021,-4.3428059215206,1,0,1.16440315029987,0,0.510431546127597,"small",-1.11004780308907,0.619438503150685,"high_prod","Cold and mesic","Cold and wet/mesic",0,"ok",0.726977172785152,0.862733705178388,0.779545411303131
"58","FWB_0383","100_Gats","lotic",44.671343,5.556318,0.00137192961575374,0.040017143104552,0.0412821739277339,0.0442930364171649,2,30,20,7,"lotic",44.671343,5.556318,0.553310235372146,5.35417474522426,5.37119090688994,1557.371131,90.549917577954,72,16,1018,-3.81671282562382,3,0,1.77783125373876,0,0.598292397046987,"small",-0.640195524380803,0.166600575913558,"high_prod","Cold and mesic","Cold and wet/mesic",0,"ok",0.966852854495562,0.517591908201547,0.664046434841979
"59","FWB_0384","101_Borne","lotic",44.705901,5.5852771,0.000292149999704574,0.0557972783316069,0.00751621059732217,0.061889189025984,2,27,14,7,"lotic",44.705901,5.5852771,0.440832251945456,4.91107760873568,5.37119090688994,1557.371131,95.5442721747985,60,37,1098,-3.24419363285249,6,0,0.440838686931186,0,0.694651049182452,"small",-0.7170111906574,-0.42014772212375,"high_prod","Cold and mesic","Cold and wet/mesic",0,"ok",0.994791353586653,0.891705679412323,0.937779423070324
"60","FWB_0387","107_Moselle","lotic",48.5460891,6.2445093,0.028027794331979,0.0337960274429088,0.016441932552576,0.0273040618292014,8,5,5,10,"lotic",48.5460891,6.2445093,3.91705034714217,4.39560945819071,6.26537250050086,9997.437938,121.726710121886,93,256,778,2.63433189660793,39,19,6.27040415912483,0,5.34394066434254,"large",1.65703572030397,-1.10272956506124,"high_prod","Cool temperate and moist","Cool and moist",0,"ok",0.546650570486673,0.624149987103163,0.578764759630138
"61","FWB_0398","Batailleres","lentic",45.1412285,6.5665101,0.0544489746238311,0.0345912486014475,0.0263218023864833,0.0367321272157573,3,9.33333333333333,5,5,"lentic",45.1412285,6.5665101,0.0295588022415444,-4.0836751016102,5.30077993942497,1462.55953,52.5011107562555,24,81,1457,-0.962334670375562,0,0,0.877138176398087,3819,2.36142082157702,"large",-0.0745162922667294,-0.796500628097133,"high_prod","Cold and wet","Cold and wet/mesic",0,"ok",0.388490137922599,0.582550959908009,0.46894226037794
"62","FWB_0405","BON","lentic",43.453752,1.27367,0.0278878884762643,0.032036896990516,0.0141712605363006,0.0222116506478527,6,8.83333333333333,5,11,"lentic",43.453752,1.27367,-1.07880966137193,-0.696980672857403,6.6442627756725,7771.31446,40.7684612543466,127,221,710,2.11251358274003,72,0,0.642911221732931,0,5.78146859236694,"small",-0.524111039540122,0.461777185718589,"high_prod","Warm temperate and mesic","Warm temperate",0,"ok",0.534618467817058,0.610496794372163,0.563283616209741
"63","FWB_0406","briere_canal_breca","lentic",47.360951,-2.295578,0.0347967858050729,0.0193687477686878,0.0233243149434055,0.0257386707965863,11,18.9090909090909,7,11,"lentic",47.360951,-2.295578,-1.46967597005894,1.09776055852758,4.69343236323417,867.3064255,10.9497332971347,118,188,820,-0.338273858567841,15,0,1.50851420623107,0,4.96294259748893,"small",-0.682660696121749,1.1285875875722,"low_prod","Warm temperate and mesic","Warm temperate",0,"ok",0.357584362061386,0.524604656817827,0.436966633495679
"64","FWB_0412","Cerces","lentic",45.0712685,6.4741196,0.0266671809875356,0.0319608964767558,0.268594031971505,0.0162906199653933,2,14.5,5,5,"lentic",45.0712685,6.4741196,0.0295588022415444,-4.0836751016102,5.30077993942497,1462.55953,46.5107581286085,24,81,1457,-0.962334670375562,0,0,0.877138176398087,3819,2.36142082157702,"large",-0.0745162922667294,-0.796500628097133,"high_prod","Cold and wet","Cold and wet/mesic",0,"ok",0.54514658946854,0.0571832138187693,0.140465002639818
"65","FWB_0415","Douenne_brook","lotic",48.609517,-1.074531,0.0569085568657928,0.0234977205997192,0.0153090909973416,0.0345647011579491,5,13.8,5,10,"lotic",48.609517,-1.074531,1.21639532432449,4.94342281961608,4.48155382560223,2699.723102,93.7817133947534,106,104,768,-0.133531392624523,14,0,1.21639828728307,0,3.58781552821379,"small",-0.187348475081158,-0.377316261771439,"low_prod","Cool temperate and moist","Cool and moist",0,"ok",0.292237389173972,0.693043373367838,0.445673861908937
"66","FWB_0417","Filheit","lentic",43.06708,0.747653,0.118166496061181,0.0213905077848519,0.0226693675964217,0.0636617041800757,3,6.33333333333333,5,11,"lentic",43.06708,0.747653,-2.12026353620009,6.03094852803,6.6442627756725,7771.31446,54.9420585667063,123,110,757,0.418710334858185,4,0,6.35024154767682,0,3.8193814815918,"small",-0.946562784624735,2.96144292896581,"high_prod","Warm temperate and mesic","Warm temperate",0,"ok",0.153274340917,0.73741357393187,0.376523690905463
"67","FWB_0448","Oriege_Station_Sympatry","lotic",42.653101,1.963692,0.00318387005534096,0.0401181695413089,0.0319126813885538,0.0270737787835298,2,50.5,50,6,"lotic",42.653101,1.963692,1.46093790411566,4.66938197260006,5.03549808667674,766.5302192,85.666159310392,44,62,1242,-1.9173226922034,2,0,1.46094022429858,0,1.1118608048864,"large",-0.0203406693989081,-0.740200576153585,"low_prod","Extremely cold and mesic","Cold and wet/mesic",0,"ok",0.926472977139227,0.458982937856355,0.656886634145134
"68","FWB_0450","Pepin","lentic",45.1435191,6.5512203,0.00821893703510945,0.0716153185439734,0.0008142188612103,0.073979268845599,2,10.5,7,5,"lentic",45.1435191,6.5512203,0.0295588022415444,-4.0836751016102,5.30077993942497,1462.55953,50.7611024934908,24,81,1457,-0.962334670375562,0,0,0.877138176398087,3819,2.36142082157702,"large",-0.0745162922667294,-0.796500628097133,"high_prod","Cold and wet","Cold and wet/mesic",0,"ok",0.89704999469848,0.989113773322057,0.94158127316378
"69","FWB_0452","Petite_Leyre","lotic",44.31796,-0.576581,0.0345239493533323,0.0288295853051959,0.00203483111672289,0.0352624912348775,4,25,6,11,"lotic",44.31796,-0.576581,0.301584977620772,6.66865925850705,4.61327593942615,546.6935622,55.008090578332,125,109,1005,-3.38139475436598,17,0,3.93311910954787,0,1.93456171273659,"small",-0.812108665101563,1.90723820918103,"low_prod","Warm temperate and mesic","Warm temperate",0,"ok",0.455058829165345,0.945442970475451,0.636776262457693
"70","FWB_0485","Varenne","lotic",49.692833,1.246043,0.00480705233157412,0.0470793337423968,0.00678960890830902,0.0601241580367689,2,14,5,10,"lotic",49.692833,1.246043,1.14644961808227,5.46409571198375,4.83489857837131,1917.758384,24.585706002757,101,158,715,-0.0693500781347932,35,0,2.82831962461434,0,4.39032969367787,"small",-0.235117166023999,0.312157689362439,"low_prod","Cool temperate and moist","Cool and moist",0,"ok",0.907354265823775,0.898531958096428,0.90238513213006
"71","FWB_0493","Stechlinsee","lentic",53.152028,13.023303,0.029029073868319,0.00811183649438367,0.0670744144098826,0.0169842679311816,4,55,10,8,"lentic",53.152028,13.023303,1.34025042261848,-6.11738104784684,2.59272145396433,287.2890019,110.895633915412,82,62,573,-1.29098418131557,10,0,0.0573345094453185,0,2.94622737902566,"large",0.457148120031297,-1.55209494751645,"low_prod","Cool temperate and dry","Cool temperate and dry/xeric",0,"ok",0.218407045362293,0.202052512104208,0.207064263713366
"72","FWB_0495","Leixlip Reservoir","lentic",53.35,-6.5,0.0333561990294912,0.0219364132513464,0.00234684004201356,0.0155585748123727,3,65,58,10,"lentic",53.35,-6.5,-1.83258146374831,4.40895918755,5.77149750970226,8826.179636,57.620639931682,94,178,803,3.60807604051033,23,58,5.30454796598811,326,6.98581757462598,"small",-0.829868424486255,2.35881601818095,"high_prod","Cool temperate and moist","Cool and moist",0,"ok",0.396733168256345,0.868931266820737,0.512240418644781
"73","FWB_0496","Lough Corrib","lentic",53.47,-9.24,0.0114804758672176,0.0699125282681206,0.000229518450004354,0.0132403130536936,3,58.6666666666667,55,10,"lentic",53.47,-9.24,5.07473621950278,-2.47032659675085,5.08748249665425,3734.309312,29.5464258673426,97,91,1118,2.98870765861703,4,1,6.77763521543827,0,4.06786385611159,"large",1.97199201280358,-0.197084096040866,"high_prod","Cool temperate and moist","Cool and moist",0,"ok",0.858950090500061,0.982960555227336,0.876558672968834
"74","FWB_0504","Lough Ramor","lentic",53.81,-7.06,0.0151131772401606,0.0279481592621556,0.00663100527343071,0.0346485135349836,3,58,36,10,"lentic",53.81,-7.06,1.880990602956,-1.88214102336743,5.77149750970226,8826.179636,76.641981784161,89,113,928,1.58596455624846,9,0,3.61501787467996,0,4.20198762089548,"large",0.676492095162834,0.0214478302857131,"high_prod","Cool temperate and moist","Cool and moist",0,"ok",0.649031394105761,0.839363309824264,0.742186838946784
"75","FWB_0508","Ross Lake","lentic",53.372506,-9.217473,0.0074232808571185,0.024184765589154,0.000214244143508492,0.0239172897535173,3,68,55,10,"lentic",53.372506,-9.217473,0.113328685307003,-0.727242239926833,5.08748249665425,3734.309312,46.8554294221163,97,108,1109,0.559044196036465,2,0,1.78875663188807,0,3.84078497259447,"large",-0.0405361668460274,0.45053393385285,"high_prod","Cool temperate and moist","Cool and moist",0,"ok",0.765145850765038,0.991121818263907,0.862978426576093
"76","FWB_0509","cotugno","lentic",40.18097,16.3505,0.0390282778834953,0.0243852514398881,0.0346327626230732,0.0255857047306199,7,25.2857142857143,8,11,"lentic",40.18097,16.3505,2.13534917361813,-3.36831200649634,4.22853095484978,400.9707534,48.8627361296307,155,135,664,1.29060911098548,43,0,4.84453356186213,1704,3.8222079199002,"large",0.779669225375323,-0.530717714893536,"low_prod","Warm temperate and mesic","Warm temperate",0,"ok",0.384543356915733,0.424881367045467,0.404191127811604
"77","FWB_0551","Hovsgol","lentic",51.048178,100.491676,0.0156258270930192,0.0173783332681555,0.0128089160005181,0.0201965094938729,10,50,9,7,"lentic",51.048178,100.491676,7.92580805979183,-8.66774943549102,6.32235603312586,1532.972562,299.920321954208,-56,34,305,-0.12897038129696,0,0,7.12512218556524,0,-0.23824449884945,"large",3.12849092591237,-2.4996477978666,"high_prod","Cold and mesic","Cold and wet/mesic",0,"ok",0.526549776694182,0.611914834950549,0.569233123871512
"78","FWB_0557","acheron","lotic",-43.32775,171.675667,0.0106678449690695,0.0687939233261794,0.0532882228599095,0.0532185496156163,2,6,6,5,"lotic",-43.32775,171.675667,0.282166891763671,5.18773977045908,5.83963668802594,848.4202291,45.9009717488206,67,53,1892,-5.80914299031403,0,0,0.282174433213364,0,-1.57498817770487,"small",-0.825370044417645,-0.0537922683084716,"high_prod","Cold and wet","Cold and wet/mesic",0,"ok",0.865748709122203,0.499672916366379,0.656092005863447
"79","FWB_0584","coachlow","lotic",-43.307803,171.762617,5.54746309745203e-05,0.110813970303448,0.178719776466006,0.0217523819000178,2,6,5,10,"lotic",-43.307803,171.762617,0.00598207167754747,5.2473421965562,5.83963668802594,848.4202291,36.4766936488034,69,72,1806,-6.21460809842219,0,0,0.00599201198599539,0,-1.7259155504928,"small",-1.01398758826102,0.0251331392184763,"high_prod","Cool temperate and moist","Cool and moist",0,"ok",0.999499640040524,0.10850575001194,0.425790677500747
"80","FWB_0615","drain","lotic",-43.775356,172.358484,0.0373041695244627,0.0706125685871056,0.0479802017354868,0.0592066683207021,3,5.33333333333333,5,11,"lotic",-43.775356,172.358484,1.0591782194227,4.68962809979563,6.37452705235083,2056.046475,97.9615862499599,117,180,639,-1.08470938349912,16,0,1.7243742333736,0,2.94627991518237,"small",-0.294718257994984,-0.713390697019662,"high_prod","Warm temperate and mesic","Warm temperate",0,"ok",0.654324526693011,0.552368665020866,0.603519569074652
"81","FWB_0678","mirror","lotic",-42.820944,170.904754,0.0809219177124609,0.0401220737077957,0.0140729343579797,0.0453778255016949,4,6,5,10,"lotic",-42.820944,170.904754,0.783444818540726,5.05378268910386,5.83963668802594,848.4202291,132.281203720886,120,118,3223,-3.32423634052603,0,0,0.783449386826317,0,1.4658007711654,"small",-0.483027509798613,-0.231177954251049,"high_prod","Cool temperate and moist","Cool and moist",0,"ok",0.331466876108659,0.763284197019568,0.47369742667413
"82","FWB_0681","mlan1","lotic",-42.1462474,171.9005804,0.250657469750608,0.0149116119439388,0.311927659703913,0.0104702349238639,2,9.5,9,10,"lotic",-42.1462474,171.9005804,2.93380367693182,4.31002985505865,6.61730805395062,2058.607559,49.7856898598642,104,79,2493,0.0563803334361075,0,0,4.25649189768736,0,3.49000190001245,"large",0.985537656545737,-1.2160538958894,"high_prod","Cool temperate and moist","Cool and moist",0,"ok",0.0561496535996986,0.0324761268554568,0.0431688307165884
"83","FWB_0692","OTU","lotic",-43.116089,172.221267,0.0167381951505094,0.047895136930207,0.00636508308236142,0.0331353872158251,4,9.25,5,10,"lotic",-43.116089,172.221267,0.162118849476435,6.01005080463487,5.83963668802594,848.4202291,24.463987949032,95,131,1098,-6.90775527898214,1,0,2.34228742092154,0,-2.99553229355132,"small",-0.907355603480459,1.03511027704205,"high_prod","Cool temperate and moist","Cool and moist",0,"ok",0.741028435148506,0.838860574714381,0.778138532300906
"84","FWB_0756","C4","lotic",38.981366,-7.111071,0.0721232527293133,0.0392233569402844,0.0216118301367191,0.0576772756211139,2,10,9,12,"lotic",38.981366,-7.111071,1.67410142575982,5.67922203464204,5.49363743750636,1545.319847,30.3430461059492,167,130,571,-3.77226106305299,91,0,4.42861210839362,1796,0.28593805253276,"large",0.125237135626683,0.597027514256992,"high_prod","Warm temperate and xeric","Warm temperate",0,"ok",0.352263594344481,0.727430017905277,0.508302614460958
"85","FWB_0770","LU1","lotic",38.609312,-7.371537,0.047475367944153,0.019217544037325,0.0148572182718564,0.039692739547695,4,8.25,6,12,"lotic",38.609312,-7.371537,1.54351176231793,5.66318411214289,5.49363743750636,1545.319847,48.2752364507491,167,105,561,-0.970219073899711,45,0,3.78741193671977,0,2.67408037123356,"large",0.0360522862853598,0.575790130948665,"high_prod","Warm temperate and xeric","Warm temperate",0,"ok",0.288149721857431,0.727640151051934,0.485886581880627
"86","FWB_0806","Loch Skeen","lentic",55.435242,-3.311333,0.027250103161377,0.0412067132009257,0.0762687015222726,0.0226896200630936,3,25.6666666666667,10,5,"lentic",55.435242,-3.311333,-1.77195684193188,-2.58450077224642,3.4816265100502,1980.695571,73.4308777839241,57,66,1393,-3.57555076880693,1,0,-1.29459067690968,0,0.0198124311696903,"small",-0.805276862727773,-0.239503875846536,"low_prod","Cold and wet","Cold and wet/mesic",0,"ok",0.601937329116244,0.229284608910029,0.381664012271054
"87","FWB_0836","MRT4","lotic",-25.71803,27.56583,0.00896342851140564,0.0605627611280451,0.0239034914346418,0.0681993067456306,2,10,10,14,"lotic",-25.71803,27.56583,-1.49165487677772,5.61123095385661,4.12854894456772,630.4387218,52.0416159729888,187,201,624,-3.05760767727208,20,4,0.57042006807292,0,2.48457409449762,"small",-2.03678313038612,0.506993867800338,"low_prod","Hot and dry","Hot and dry",0,"ok",0.871078387038205,0.740469432993169,0.796652070959534
"88","FWB_0837","MRT5","lotic",-25.687557,27.535343,0.103942622846441,0.0490042148249237,0.0419870120708715,0.0388425437723089,2,8.5,7,14,"lotic",-25.687557,27.535343,-3.86323284125871,7.28504951698075,4.12854894456772,630.4387218,48.5341036545251,189,400,623,-6.90775527898214,20,0,-0.759265615771405,0,-11.5129254649702,"small",-3.65642757917942,2.72346089559312,"low_prod","Hot and dry","Hot and dry",0,"ok",0.320400314063495,0.480548771635816,0.375772580270244
"89","FWB_0839","MRT7","lotic",-25.660386,27.531239,0.0305942346106362,0.0923201616429824,0.0136247844909147,0.0742211329474521,2,6.5,6,14,"lotic",-25.660386,27.531239,-0.908818717035454,5.74821678674698,4.12854894456772,630.4387218,45.25599101394,190,229,624,2.25811060289222,27,36,1.59898547554679,235,7.06846668439204,"small",-1.63874125075129,0.688390220168146,"low_prod","Hot and dry","Hot and dry",0,"ok",0.75109315472283,0.844901335335544,0.790192857815848
"90","FWB_0843","PBS","lotic",-24.244631,27.789014,0.0042727160418682,0.0813396309929189,0.0825678764194386,0.0307915741228487,3,6.33333333333333,6,14,"lotic",-24.244631,27.789014,0.673964361143171,4.25487935460732,3.41011772186098,755.4780248,27.9790751953177,186,22,612,-2.37515578582888,25,0,0.673969457970142,0,0.47499738964291,"small",-0.557796046920734,-1.28908407282117,"low_prod","Hot and dry","Hot and dry",0,"ok",0.950092291709605,0.271627764386193,0.563553259714267
"91","FWB_0889","Soto2016_Ebro_Flix","lotic",41.233333,0.533333,0.0299917700248079,0.0298887822259479,0.0156106034594929,0.0114160446070334,5,21.6,6,12,"lotic",41.233333,0.533333,3.67107183546397,6.26221180191059,5.73109193640576,1792.837576,34.8202007779318,160,359,429,-1.36257783450257,42,0,9.70193791597395,379,3.49953358449778,"large",1.48904725990806,1.36902134032587,"high_prod","Warm temperate and xeric","Warm temperate",0,"ok",0.49914005637065,0.422399573152124,0.475275082872133
"92","FWB_0905","Arima_LP","lotic",10.683994,-61.290461,0.0183740493736118,0.0518569579818688,0.0567862617761742,0.0366571465384131,2,26,26,18,"lotic",10.683994,-61.290461,1.79309191446183,4.37794164264638,3.18773701784824,260.714778,149.908963091434,248,297,2364,3.37451111639965,35,35,1.79309357890785,0,6.59434780779993,"large",0.206500449492728,-1.1261252493187,"low_prod","Extremely hot and moist","Hot and moist",0,"ok",0.738376963887049,0.392292481616283,0.540793771328972
"93","FWB_0910","Guanapo_LP","lotic",10.712169,-61.267636,0.0910182924051696,0.0388911262795078,0.0712949968498649,0.0327751383803353,2,32.5,17,18,"lotic",10.712169,-61.267636,1.98444381305756,4.29091347417122,3.18773701784824,260.714778,153.646517804608,246,218,2484,2.8893156448495,27,7,1.98444518762706,0,5.96646209964874,"large",0.337182233928368,-1.24136776733353,"low_prod","Extremely hot and moist","Hot and moist",0,"ok",0.299371105446221,0.314933177590647,0.306292851066446
"94","FWB_0913","Marianne_LP","lotic",10.77745,-61.30085,0.00453880336189797,0.0461161584440927,0.00239579194988245,0.0495536390825323,2,24.5,24,18,"lotic",10.77745,-61.30085,-0.70117935225721,5.53502559635746,5.79983427454387,1068.979602,153.037555832478,255,67,2339,0.766397642299538,8,0,-0.701159191170123,0,5.96997532380804,"small",-1.49693611107179,0.406082893361887,"high_prod","Extremely hot and moist","Hot and moist",0,"ok",0.910397655035618,0.95388222927047,0.932414245433898
"95","FWB_0916","Quare_LP","lotic",10.67615,-61.198467,0.0474800906303883,0.02181303410474,0.0194462039212051,0.0417241807029952,2,26.5,26,18,"lotic",10.67615,-61.198467,1.79906604441049,4.4846112361251,3.18773701784824,260.714778,158.675085905968,250,221,2661,1.29937388908919,30,19,1.79906769894255,0,4.47629092681925,"large",0.210580419265019,-0.984873597543285,"low_prod","Extremely hot and moist","Hot and moist",0,"ok",0.314793627623519,0.68209773339382,0.487011388239895
"96","FWB_0918","Turure_LP","lotic",10.679603,-61.169464,0.000838102148918961,0.0593162813802191,0.0293330383404224,0.0302962007850714,2,25.5,24,18,"lotic",10.679603,-61.169464,0.880870786642895,4.72365301369015,3.18773701784824,260.714778,161.760180024383,254,179,2691,0.35697489894773,28,11,0.880874930853122,0,4.38681527580854,"small",-0.416491460481119,-0.6683349774619,"low_prod","Extremely hot and moist","Hot and moist",0,"ok",0.986067480044692,0.508076259724042,0.748119652581115
"97","FWB_0920","TR10","lentic",39.078314,30.426616,0.0771203990592462,0.0251998154624914,0.0411381579804555,0.0345554250126723,3,9.33333333333333,8,9,"lentic",39.078314,30.426616,-0.891598119283784,-2.53978650162256,5.31979571355118,739.7871677,65.5505636689113,102,77,470,0.188966099512623,21,21,-0.274423687893588,0,3.48139423130136,"small",-0.448171197587767,-0.222890928953749,"high_prod","Cool temperate and xeric","Cool temperate and dry/xeric",0,"ok",0.246283841177227,0.456517232323506,0.335677578420143
"98","FWB_0921","TR11","lentic",39.358406,31.061098,0.067946865598892,0.0293814334281254,0.0323108116482231,0.029617962365672,3,10,10,9,"lentic",39.358406,31.061098,0.712949807856125,-2.52427491425197,5.31979571355118,739.7871677,60.458107878259,104,88,437,-0.746547957287061,14,0,3.85346146649195,710,2.20420129445944,"large",0.202692069884348,-0.217127820809193,"high_prod","Cool temperate and xeric","Cool temperate and dry/xeric",0,"ok",0.301879655987509,0.478258496753489,0.370466407973231
"99","FWB_0924","TR14","lentic",40.717154,30.27427,0.0667523034858717,0.0208682609303206,0.0933255122669527,0.0386447467244283,3,9.33333333333333,9,11,"lentic",40.717154,30.27427,3.81352775867905,-4.67449029400861,5.37774433376925,980.985648,33.5551834599352,143,186,749,3.9502047174682,27,34,3.64010955223922,0,5.9514755649116,"large",1.46039977807463,-1.0160095517097,"high_prod","Warm temperate and mesic","Warm temperate",0,"ok",0.238166246352827,0.292829210306787,0.271017735309864
"100","FWB_0926","TR2","lentic",38.812859,30.177388,0.0702869547439955,0.0233301729101343,0.0522798553005088,0.0306765428286621,5,10,10,9,"lentic",38.812859,30.177388,-1.38629436111989,-2.02946846723645,4.61497036992621,468.5238794,89.6680872357587,110,192,450,0.943516718127747,30,0,-0.0376914830219355,0,4.29789759974247,"small",-0.648838068873781,-0.0332895715928627,"low_prod","Cool temperate and xeric","Cool temperate and dry/xeric",0,"ok",0.249208381999585,0.369791161628014,0.305859644016374
"101","FWB_0927","TR3","lentic",38.970635,30.901329,0.0112542112088125,0.0386391180670841,0.00329045686994363,0.0394691965168713,3,14.3333333333333,7,9,"lentic",38.970635,30.901329,-2.20727491318972,-0.594981989273158,4.61497036992621,468.5238794,50.7463479407516,104,83,429,-0.918793862092274,22,0,1.44974087998996,0,2.48165219311748,"small",-0.981857778421315,0.499673335871034,"low_prod","Cool temperate and xeric","Cool temperate and dry/xeric",0,"ok",0.774434551228686,0.92304762528879,0.843019969128207
"102","FWB_0928","TR4","lentic",40.708585,26.075832,0.102533462766461,0.015517583068717,0.0142605707502115,0.077538171028109,3,9.33333333333333,9,11,"lentic",40.708585,26.075832,1.30291275218084,-3.34195843008884,3.99561760651476,881.373725,49.7308813005796,147,167,593,-0.677273831403655,45,0,0.237448742419268,0,3.1976934541637,"large",0.442002596628852,-0.520926420991517,"low_prod","Warm temperate and mesic","Warm temperate",0,"ok",0.131448077896595,0.844653962854431,0.443439829771074
"103","FWB_0932","TR8","lentic",40.833216,26.323628,0.0937939914345296,0.0115184196003393,0.0479835370865362,0.0266399671179693,7,10.7142857142857,10,11,"lentic",40.833216,26.323628,1.58923520511658,-3.8852188026761,3.99561760651476,881.373725,18.4672609695677,142,126,611,0.626473047291953,60,0,0.72076721139432,0,3.77519498489207,"large",0.558145445412787,-0.722767032340542,"low_prod","Warm temperate and mesic","Warm temperate",0,"ok",0.109373809669266,0.356991639590692,0.212066538620405
"104","FWB_0933","TR9","lentic",38.786808,30.791541,0.0224722502290456,0.0221791684409381,0.0118776359296754,0.0322735955060267,5,15.2,5,9,"lentic",38.786808,30.791541,1.22082992139236,-3.62924107699089,4.61497036992621,468.5238794,29.5162468699811,109,127,428,0.871711688476188,30,0,2.70451127983403,2231,3.70499908199625,"large",0.408706801254525,-0.627662174244643,"low_prod","Cool temperate and xeric","Cool temperate and dry/xeric",0,"ok",0.496718113367532,0.730978377194916,0.613188501493587
"105","FWB_0938","BURRO-02","lotic",34.73655,-113.24429,0.0160113736478072,0.0187364965978458,0.00525035958145116,0.0360100686593879,4,8.75,7,12,"lotic",34.73655,-113.24429,1.91250108692418,4.53096847447951,5.97144978080191,919.1295328,17.683674466435,156,31,333,-6.90775527898214,0,0,3.81005694430754,0,-11.5129254649702,"large",0.288049699068409,-0.923487439822397,"high_prod","Warm temperate and xeric","Warm temperate",0,"ok",0.539212805429127,0.872750724960862,0.720270896038584
"106","FWB_0940","BURRO-07","lotic",34.55859,-113.35692,0.0498583919225235,0.0332617577736829,0.0277689797833357,0.0183481289676732,4,9.25,7,12,"lotic",34.55859,-113.35692,1.06712162157674,5.7068789814513,5.97144978080191,919.1295328,13.6153394959079,176,24,289,-6.90775527898214,0,0,4.36747134349741,0,-11.5129254649702,"small",-0.289293394298322,0.633650785167386,"high_prod","Warm temperate and xeric","Warm temperate",0,"ok",0.400164796324963,0.397859481320408,0.399342166194552
"107","FWB_0941","BURRO-08","lotic",34.54052,-113.44775,0.0994493956844946,0.0529865971884768,0.0429913273443431,0.0280234973596468,2,10,10,12,"lotic",34.54052,-113.44775,0.689641041230658,6.04269597193043,5.97144978080191,919.1295328,18.0658257509646,183,86,262,-6.90775527898214,0,0,4.48892857422726,0,-4.13454175197351,"small",-0.54708982167346,1.07833893904968,"high_prod","Warm temperate and xeric","Warm temperate",0,"ok",0.347598990171775,0.394614750884154,0.362541052328985
"108","FWB_0942","BURRO-09","lotic",34.54193,-113.4439,0.0527154330883637,0.0675383459521807,0.0772557799834772,0.0433896199092976,2,10,10,12,"lotic",34.54193,-113.4439,0.689641041230658,6.04269597193043,5.97144978080191,919.1295328,17.6989741047143,183,86,262,-6.90775527898214,0,0,4.48892857422726,0,-4.13454175197351,"small",-0.54708982167346,1.07833893904968,"high_prod","Warm temperate and xeric","Warm temperate",0,"ok",0.561631796447825,0.359645870856748,0.460474653141857
"109","FWB_0945","CONGER-01","lotic",34.7642,-113.13209,0.031709338791535,0.0385373870094496,0.018862031107339,0.0704591678541372,3,9.33333333333333,8,9,"lotic",34.7642,-113.13209,0.553885113226438,4.48919068962815,5.97144978080191,919.1295328,30.2677950318377,116,10,427,-6.90775527898214,0,0,0.55389086033636,0,-4.60417068565501,"small",-0.639802917542916,-0.978809494827231,"high_prod","Cool temperate and xeric","Cool temperate and dry/xeric",0,"ok",0.548600473118556,0.78882917687352,0.683073086435407
"110","FWB_0954","FRANCIS-02","lotic",34.80721,-113.35511,0.0176701813839072,0.0585605121499129,0.0576940229230906,0.0400701593980473,3,10,10,11,"lotic",34.80721,-113.35511,-0.553385238184787,5.01801546757035,5.97144978080191,919.1295328,20.2250131006701,137,30,351,-6.90775527898214,0,0,-0.553367847031666,0,-3.9627901224818,"small",-1.39600166151677,-0.2785408339271,"high_prod","Warm temperate and mesic","Warm temperate",0,"ok",0.768201224929592,0.4098654379006,0.566859633442186
"111","FWB_0955","FRANCIS-03","lotic",34.76313,-113.26434,0.0532878679745708,0.0400480015560646,0.00201982954740298,0.0545530932782543,4,9,6,12,"lotic",34.76313,-113.26434,-0.0943106794712413,5.88525805107195,5.97144978080191,919.1295328,18.5324646231522,153,19,329,-6.90775527898214,0,0,2.71350264282227,0,-11.5129254649702,"small",-1.08248147717598,0.869859974725285,"high_prod","Warm temperate and xeric","Warm temperate",0,"ok",0.429074071495308,0.964296885391134,0.631057680789514
"112","FWB_0959","Lake Michigan","lentic",44,-87,0.0135070271107315,0.0151092770985222,0.00911950442086687,0.0116889581155457,16,83,17,8,"lentic",44,-87,10.9634768160666,-8.88699030481304,1.65270398304561,36.5958936,25.5389106245208,76,90,822,7.52589385116806,17,14,10.5625400337169,46,5.82922501975026,"large",4.36068036616866,-2.58110360309292,"low_prod","Cool temperate and dry","Cool temperate and dry/xeric",0,"ok",0.527995403880152,0.561740594486079,0.542202563179879
"113","FWB_0960","Langlois","lentic",47.6371,-121.888,0.0665114659970206,0.078966384786727,0.00566892205238272,0.111532004191221,2,6.5,6,10,"lentic",47.6371,-121.888,-2.12026353620009,-4.27902582400821,4.61907344322803,489.6017029,30.9944287160345,105,59,1408,0.932557704338027,1,0,-4.42201564289025,0,4.61817535103087,"small",-0.946562784624735,-0.869080391367011,"low_prod","Cool temperate and moist","Cool and moist",0,"ok",0.542806924637004,0.951630740182037,0.725214237456695
"114","FWB_0972","MB01","lotic",41.515046,-106.371396,0.0143011630625009,0.0816107643474161,0.000921744518143812,0.0615956751398062,3,9.66666666666667,7,7,"lotic",41.515046,-106.371396,1.57856624876701,4.11674171639857,4.40216667893561,1224.723714,96.4635245969469,18,13,481,-6.90775527898214,0,0,1.94619725069484,0,-11.5129254649702,"large",0.0599923823871453,-1.47200564337384,"low_prod","Cold and mesic","Cold and wet/mesic",0,"ok",0.850892757045959,0.985256197021775,0.903913587587257
"115","FWB_0974","MB03","lotic",41.724793,-106.31846,0.087545807679567,0.0172526274881785,0.0547953731967289,0.0239006559385159,6,8.16666666666667,5,8,"lotic",41.724793,-106.31846,1.78842056796254,5.06526691044351,4.40216667893561,1224.723714,90.7535513907011,55,36,308,-5.52146091786225,3,0,4.06522483523957,0,-1.84509695681873,"large",0.20331020209657,-0.215970572459497,"low_prod","Cool temperate and dry","Cool temperate and dry/xeric",0,"ok",0.164626766235231,0.303708537789637,0.224275340310764
"116","FWB_0977","Padden","lentic",48.7027,-122.4529,0.0654509549893594,0.0319744533191951,0.0152999531958603,0.0638978306269205,5,10.4,5,10,"lentic",48.7027,-122.4529,-0.63487827243597,-3.35668993146522,4.45799609535193,747.3964739,12.8406022165323,94,239,1011,2.55209789932832,1,34,-0.832386259651937,0,5.97246012665994,"small",-0.344036247476215,-0.526399699356613,"low_prod","Cool temperate and moist","Cool and moist",0,"ok",0.328194193633034,0.806813367024301,0.542806880507662
"117","FWB_0984","Shoecraft","lentic",48.1259769,-122.3070729,0.012073537421025,0.0476499802961465,0.0276349739183521,0.052121396147245,5,6,5,10,"lentic",48.1259769,-122.3070729,-0.891598119283784,-1.41386089759826,3.78377589242996,430.9694953,38.768945859632,99,236,944,0.420682073913025,0,0,0.573806056714326,0,4.69059539734853,"small",-0.448171197587767,0.195430604729043,"low_prod","Cool temperate and moist","Cool and moist",0,"ok",0.797842828377913,0.653507627094573,0.715310128430698
"118","FWB_0996","Whatcom","lentic",48.7595,-122.4151,0.0330941851466279,0.0225698256895461,0.0196175204678875,0.0372110372890272,3,9,6,10,"lentic",48.7595,-122.4151,2.92530980925744,-3.04958840599397,4.45799609535193,747.3964739,5.90346090759253,96,128,1127,3.55657587884167,7,21,3.19208041294418,730,5.62320855091239,"large",1.10010612338873,-0.412300525599228,"low_prod","Cool temperate and moist","Cool and moist",0,"ok",0.405465315030422,0.654794679959998,0.531420552719481
"119","FWB_0998","Wynoochee","lentic",47.3901,-123.5987,0.0427501103011641,0.0289037316876281,0.00126371621168765,0.0455043908009475,2,12,9,10,"lentic",47.3901,-123.5987,1.10856261952128,-1.95852341843535,3.64887595396284,659.1055866,36.6790243101374,88,19,2874,-5.29831736654804,0,0,3.50083183466933,413,-2.84713986950416,"large",0.363167081505338,-0.00693095472190353,"low_prod","Cool temperate and moist","Cool and moist",0,"ok",0.403380068470705,0.97297910280298,0.628330500519619
