"","FWB_id","Climate_zone_2cat"
"1","FWB_0001","Warm/Hot"
"2","FWB_0003","Warm/Hot"
"3","FWB_0006","Warm/Hot"
"4","FWB_0007","Warm/Hot"
"5","FWB_0008","Warm/Hot"
"6","FWB_0010","Warm/Hot"
"7","FWB_0018","Warm/Hot"
"8","FWB_0019","Warm/Hot"
"9","FWB_0020","Warm/Hot"
"10","FWB_0032","Warm/Hot"
"11","FWB_0033","Warm/Hot"
"12","FWB_0039","Warm/Hot"
"13","FWB_0044","Warm/Hot"
"14","FWB_0045","Warm/Hot"
"15","FWB_0046","Warm/Hot"
"16","FWB_0056","Warm/Hot"
"17","FWB_0057","Warm/Hot"
"18","FWB_0064","Warm/Hot"
"19","FWB_0068","Warm/Hot"
"20","FWB_0069","Warm/Hot"
"21","FWB_0071","Warm/Hot"
"22","FWB_0072","Warm/Hot"
"23","FWB_0073","Warm/Hot"
"24","FWB_0077","Warm/Hot"
"25","FWB_0080","Warm/Hot"
"26","FWB_0084","Warm/Hot"
"27","FWB_0086","Warm/Hot"
"28","FWB_0088","Warm/Hot"
"29","FWB_0089","Warm/Hot"
"30","FWB_0095","Warm/Hot"
"31","FWB_0098","Warm/Hot"
"32","FWB_0100","Warm/Hot"
"33","FWB_0101","Cold/Cool"
"34","FWB_0102","Cold/Cool"
"35","FWB_0103","Cold/Cool"
"36","FWB_0104","Cold/Cool"
"37","FWB_0105","Cold/Cool"
"38","FWB_0107","Cold/Cool"
"39","FWB_0108","Cold/Cool"
"40","FWB_0109","Cold/Cool"
"41","FWB_0113","Warm/Hot"
"42","FWB_0114","Warm/Hot"
"43","FWB_0116","Warm/Hot"
"44","FWB_0117","Warm/Hot"
"45","FWB_0126","Warm/Hot"
"46","FWB_0131","Warm/Hot"
"47","FWB_0132","Warm/Hot"
"48","FWB_0150","Cold/Cool"
"49","FWB_0151","Cold/Cool"
"50","FWB_0153","Cold/Cool"
"51","FWB_0154","Cold/Cool"
"52","FWB_0155","Cold/Cool"
"53","FWB_0156","Cold/Cool"
"54","FWB_0157","Cold/Cool"
"55","FWB_0158","Cold/Cool"
"56","FWB_0159","Cold/Cool"
"57","FWB_0161","Cold/Cool"
"58","FWB_0164","Cold/Cool"
"59","FWB_0166","Cold/Cool"
"60","FWB_0169","Cold/Cool"
"61","FWB_0170","Cold/Cool"
"62","FWB_0171","Cold/Cool"
"63","FWB_0172","Cold/Cool"
"64","FWB_0173","Cold/Cool"
"65","FWB_0174","Cold/Cool"
"66","FWB_0175","Cold/Cool"
"67","FWB_0176","Cold/Cool"
"68","FWB_0177","Cold/Cool"
"69","FWB_0178","Cold/Cool"
"70","FWB_0179","Cold/Cool"
"71","FWB_0180","Cold/Cool"
"72","FWB_0181","Cold/Cool"
"73","FWB_0184","Cold/Cool"
"74","FWB_0188","Cold/Cool"
"75","FWB_0191","Cold/Cool"
"76","FWB_0193","Cold/Cool"
"77","FWB_0203","Cold/Cool"
"78","FWB_0204","Cold/Cool"
"79","FWB_0205","Cold/Cool"
"80","FWB_0206","Cold/Cool"
"81","FWB_0211","Cold/Cool"
"82","FWB_0212","Cold/Cool"
"83","FWB_0213","Cold/Cool"
"84","FWB_0214","Cold/Cool"
"85","FWB_0215","Cold/Cool"
"86","FWB_0216","Cold/Cool"
"87","FWB_0217","Cold/Cool"
"88","FWB_0218","Cold/Cool"
"89","FWB_0219","Cold/Cool"
"90","FWB_0221","Cold/Cool"
"91","FWB_0223","Cold/Cool"
"92","FWB_0225","Cold/Cool"
"93","FWB_0227","Cold/Cool"
"94","FWB_0229","Cold/Cool"
"95","FWB_0233","Cold/Cool"
"96","FWB_0235","Cold/Cool"
"97","FWB_0241","Cold/Cool"
"98","FWB_0242","Cold/Cool"
"99","FWB_0243","Cold/Cool"
"100","FWB_0244","Cold/Cool"
"101","FWB_0252","Warm/Hot"
"102","FWB_0254","Warm/Hot"
"103","FWB_0255","Cold/Cool"
"104","FWB_0257","Cold/Cool"
"105","FWB_0263","Cold/Cool"
"106","FWB_0267","Warm/Hot"
"107","FWB_0268","Cold/Cool"
"108","FWB_0269","Cold/Cool"
"109","FWB_0270","Cold/Cool"
"110","FWB_0272","Cold/Cool"
"111","FWB_0273","Cold/Cool"
"112","FWB_0275","Cold/Cool"
"113","FWB_0276","Cold/Cool"
"114","FWB_0277","Cold/Cool"
"115","FWB_0278","Cold/Cool"
"116","FWB_0279","Cold/Cool"
"117","FWB_0282","Cold/Cool"
"118","FWB_0283","Cold/Cool"
"119","FWB_0286","Warm/Hot"
"120","FWB_0288","Warm/Hot"
"121","FWB_0289","Warm/Hot"
"122","FWB_0290","Warm/Hot"
"123","FWB_0291","Warm/Hot"
"124","FWB_0295","Cold/Cool"
"125","FWB_0300","Cold/Cool"
"126","FWB_0301","Cold/Cool"
"127","FWB_0302","Cold/Cool"
"128","FWB_0304","Cold/Cool"
"129","FWB_0308","Cold/Cool"
"130","FWB_0309","Cold/Cool"
"131","FWB_0311","Cold/Cool"
"132","FWB_0312","Cold/Cool"
"133","FWB_0319","Cold/Cool"
"134","FWB_0320","Cold/Cool"
"135","FWB_0321","Cold/Cool"
"136","FWB_0322","Warm/Hot"
"137","FWB_0329","Warm/Hot"
"138","FWB_0330","Warm/Hot"
"139","FWB_0331","Warm/Hot"
"140","FWB_0332","Cold/Cool"
"141","FWB_0333","Warm/Hot"
"142","FWB_0334","Cold/Cool"
"143","FWB_0335","Cold/Cool"
"144","FWB_0336","Cold/Cool"
"145","FWB_0337","Cold/Cool"
"146","FWB_0338","Cold/Cool"
"147","FWB_0339","Cold/Cool"
"148","FWB_0340","Cold/Cool"
"149","FWB_0341","Cold/Cool"
"150","FWB_0342","Cold/Cool"
"151","FWB_0343","Cold/Cool"
"152","FWB_0346","Cold/Cool"
"153","FWB_0348","Cold/Cool"
"154","FWB_0349","Cold/Cool"
"155","FWB_0353","Cold/Cool"
"156","FWB_0354","Cold/Cool"
"157","FWB_0355","Cold/Cool"
"158","FWB_0356","Cold/Cool"
"159","FWB_0357","Cold/Cool"
"160","FWB_0359","Cold/Cool"
"161","FWB_0360","Cold/Cool"
"162","FWB_0361","Cold/Cool"
"163","FWB_0363","Warm/Hot"
"164","FWB_0366","Cold/Cool"
"165","FWB_0367","Cold/Cool"
"166","FWB_0369","Warm/Hot"
"167","FWB_0370","Cold/Cool"
"168","FWB_0371","Cold/Cool"
"169","FWB_0372","Cold/Cool"
"170","FWB_0373","Cold/Cool"
"171","FWB_0374","Cold/Cool"
"172","FWB_0377","Cold/Cool"
"173","FWB_0378","Cold/Cool"
"174","FWB_0379","Cold/Cool"
"175","FWB_0381","Cold/Cool"
"176","FWB_0382","Cold/Cool"
"177","FWB_0383","Cold/Cool"
"178","FWB_0384","Cold/Cool"
"179","FWB_0385","Cold/Cool"
"180","FWB_0386","Cold/Cool"
"181","FWB_0387","Cold/Cool"
"182","FWB_0388","Cold/Cool"
"183","FWB_0389","Cold/Cool"
"184","FWB_0392","Cold/Cool"
"185","FWB_0395","Cold/Cool"
"186","FWB_0396","Cold/Cool"
"187","FWB_0398","Cold/Cool"
"188","FWB_0403","Warm/Hot"
"189","FWB_0405","Warm/Hot"
"190","FWB_0406","Warm/Hot"
"191","FWB_0407","Warm/Hot"
"192","FWB_0408","Warm/Hot"
"193","FWB_0409","Warm/Hot"
"194","FWB_0410","Warm/Hot"
"195","FWB_0411","Warm/Hot"
"196","FWB_0412","Cold/Cool"
"197","FWB_0413","Cold/Cool"
"198","FWB_0414","Cold/Cool"
"199","FWB_0415","Cold/Cool"
"200","FWB_0417","Warm/Hot"
"201","FWB_0421","Warm/Hot"
"202","FWB_0422","Warm/Hot"
"203","FWB_0424","Warm/Hot"
"204","FWB_0425","Warm/Hot"
"205","FWB_0426","Cold/Cool"
"206","FWB_0427","Cold/Cool"
"207","FWB_0428","Cold/Cool"
"208","FWB_0429","Warm/Hot"
"209","FWB_0431","Warm/Hot"
"210","FWB_0433","Warm/Hot"
"211","FWB_0436","Cold/Cool"
"212","FWB_0437","Warm/Hot"
"213","FWB_0440","Warm/Hot"
"214","FWB_0442","Warm/Hot"
"215","FWB_0448","Cold/Cool"
"216","FWB_0449","Cold/Cool"
"217","FWB_0450","Cold/Cool"
"218","FWB_0452","Warm/Hot"
"219","FWB_0474","Cold/Cool"
"220","FWB_0475","Warm/Hot"
"221","FWB_0477","Cold/Cool"
"222","FWB_0478","Warm/Hot"
"223","FWB_0479","Cold/Cool"
"224","FWB_0480","Cold/Cool"
"225","FWB_0481","Cold/Cool"
"226","FWB_0482","Warm/Hot"
"227","FWB_0483","Cold/Cool"
"228","FWB_0484","Warm/Hot"
"229","FWB_0485","Cold/Cool"
"230","FWB_0487","Warm/Hot"
"231","FWB_0493","Cold/Cool"
"232","FWB_0495","Cold/Cool"
"233","FWB_0496","Cold/Cool"
"234","FWB_0497","Cold/Cool"
"235","FWB_0501","Cold/Cool"
"236","FWB_0503","Cold/Cool"
"237","FWB_0504","Cold/Cool"
"238","FWB_0505","Cold/Cool"
"239","FWB_0506","Cold/Cool"
"240","FWB_0508","Cold/Cool"
"241","FWB_0509","Warm/Hot"
"242","FWB_0513","Warm/Hot"
"243","FWB_0516","Warm/Hot"
"244","FWB_0524","Warm/Hot"
"245","FWB_0550","Warm/Hot"
"246","FWB_0552","Warm/Hot"
"247","FWB_0554","Warm/Hot"
"248","FWB_0555","Warm/Hot"
"249","FWB_0557","Cold/Cool"
"250","FWB_0571","Cold/Cool"
"251","FWB_0572","Warm/Hot"
"252","FWB_0575","Cold/Cool"
"253","FWB_0577","Cold/Cool"
"254","FWB_0578","Cold/Cool"
"255","FWB_0579","Cold/Cool"
"256","FWB_0581","Cold/Cool"
"257","FWB_0583","Cold/Cool"
"258","FWB_0584","Cold/Cool"
"259","FWB_0585","Cold/Cool"
"260","FWB_0586","Cold/Cool"
"261","FWB_0589","Cold/Cool"
"262","FWB_0590","Cold/Cool"
"263","FWB_0593","Cold/Cool"
"264","FWB_0609","Cold/Cool"
"265","FWB_0615","Warm/Hot"
"266","FWB_0618","Cold/Cool"
"267","FWB_0644","Warm/Hot"
"268","FWB_0647","Cold/Cool"
"269","FWB_0648","Cold/Cool"
"270","FWB_0649","Cold/Cool"
"271","FWB_0655","Warm/Hot"
"272","FWB_0664","Cold/Cool"
"273","FWB_0668","Cold/Cool"
"274","FWB_0673","Warm/Hot"
"275","FWB_0674","Warm/Hot"
"276","FWB_0678","Cold/Cool"
"277","FWB_0680","Cold/Cool"
"278","FWB_0681","Cold/Cool"
"279","FWB_0682","Cold/Cool"
"280","FWB_0685","Cold/Cool"
"281","FWB_0686","Cold/Cool"
"282","FWB_0688","Cold/Cool"
"283","FWB_0689","Cold/Cool"
"284","FWB_0690","Warm/Hot"
"285","FWB_0691","Warm/Hot"
"286","FWB_0692","Cold/Cool"
"287","FWB_0697","Cold/Cool"
"288","FWB_0701","Cold/Cool"
"289","FWB_0705","Cold/Cool"
"290","FWB_0707","Warm/Hot"
"291","FWB_0708","Warm/Hot"
"292","FWB_0710","Warm/Hot"
"293","FWB_0712","Warm/Hot"
"294","FWB_0713","Warm/Hot"
"295","FWB_0714","Cold/Cool"
"296","FWB_0716","Warm/Hot"
"297","FWB_0717","Warm/Hot"
"298","FWB_0720","Cold/Cool"
"299","FWB_0731","Warm/Hot"
"300","FWB_0732","Warm/Hot"
"301","FWB_0733","Warm/Hot"
"302","FWB_0735","Warm/Hot"
"303","FWB_0737","Warm/Hot"
"304","FWB_0739","Warm/Hot"
"305","FWB_0740","Warm/Hot"
"306","FWB_0741","Warm/Hot"
"307","FWB_0750","Warm/Hot"
"308","FWB_0751","Warm/Hot"
"309","FWB_0752","Warm/Hot"
"310","FWB_0754","Warm/Hot"
"311","FWB_0755","Warm/Hot"
"312","FWB_0756","Warm/Hot"
"313","FWB_0758","Warm/Hot"
"314","FWB_0759","Warm/Hot"
"315","FWB_0760","Warm/Hot"
"316","FWB_0762","Warm/Hot"
"317","FWB_0763","Warm/Hot"
"318","FWB_0764","Warm/Hot"
"319","FWB_0765","Warm/Hot"
"320","FWB_0766","Warm/Hot"
"321","FWB_0768","Warm/Hot"
"322","FWB_0769","Warm/Hot"
"323","FWB_0770","Warm/Hot"
"324","FWB_0772","Warm/Hot"
"325","FWB_0774","Warm/Hot"
"326","FWB_0775","Warm/Hot"
"327","FWB_0776","Warm/Hot"
"328","FWB_0779","Warm/Hot"
"329","FWB_0783","Warm/Hot"
"330","FWB_0784","Warm/Hot"
"331","FWB_0789","Warm/Hot"
"332","FWB_0790","Warm/Hot"
"333","FWB_0791","Warm/Hot"
"334","FWB_0792","Warm/Hot"
"335","FWB_0793","Warm/Hot"
"336","FWB_0799","Warm/Hot"
"337","FWB_0800","Warm/Hot"
"338","FWB_0801","Cold/Cool"
"339","FWB_0802","Cold/Cool"
"340","FWB_0803","Cold/Cool"
"341","FWB_0804","Cold/Cool"
"342","FWB_0805","Warm/Hot"
"343","FWB_0806","Cold/Cool"
"344","FWB_0807","Cold/Cool"
"345","FWB_0809","Cold/Cool"
"346","FWB_0814","Warm/Hot"
"347","FWB_0815","Warm/Hot"
"348","FWB_0816","Warm/Hot"
"349","FWB_0819","Warm/Hot"
"350","FWB_0821","Warm/Hot"
"351","FWB_0824","Warm/Hot"
"352","FWB_0827","Warm/Hot"
"353","FWB_0828","Warm/Hot"
"354","FWB_0830","Warm/Hot"
"355","FWB_0831","Warm/Hot"
"356","FWB_0833","Warm/Hot"
"357","FWB_0835","Warm/Hot"
"358","FWB_0836","Warm/Hot"
"359","FWB_0837","Warm/Hot"
"360","FWB_0839","Warm/Hot"
"361","FWB_0842","Warm/Hot"
"362","FWB_0843","Warm/Hot"
"363","FWB_0845","Warm/Hot"
"364","FWB_0846","Warm/Hot"
"365","FWB_0848","Warm/Hot"
"366","FWB_0851","Warm/Hot"
"367","FWB_0856","Warm/Hot"
"368","FWB_0859","Warm/Hot"
"369","FWB_0863","Warm/Hot"
"370","FWB_0868","Warm/Hot"
"371","FWB_0869","Warm/Hot"
"372","FWB_0882","Warm/Hot"
"373","FWB_0885","Warm/Hot"
"374","FWB_0889","Warm/Hot"
"375","FWB_0890","Warm/Hot"
"376","FWB_0891","Warm/Hot"
"377","FWB_0892","Cold/Cool"
"378","FWB_0893","Cold/Cool"
"379","FWB_0894","Cold/Cool"
"380","FWB_0895","Cold/Cool"
"381","FWB_0898","Warm/Hot"
"382","FWB_0899","Warm/Hot"
"383","FWB_0900","Warm/Hot"
"384","FWB_0901","Warm/Hot"
"385","FWB_0902","Warm/Hot"
"386","FWB_0903","Warm/Hot"
"387","FWB_0904","Warm/Hot"
"388","FWB_0905","Warm/Hot"
"389","FWB_0907","Warm/Hot"
"390","FWB_0910","Warm/Hot"
"391","FWB_0913","Warm/Hot"
"392","FWB_0915","Warm/Hot"
"393","FWB_0916","Warm/Hot"
"394","FWB_0918","Warm/Hot"
"395","FWB_0919","Warm/Hot"
"396","FWB_0920","Cold/Cool"
"397","FWB_0921","Cold/Cool"
"398","FWB_0922","Warm/Hot"
"399","FWB_0924","Warm/Hot"
"400","FWB_0926","Cold/Cool"
"401","FWB_0927","Cold/Cool"
"402","FWB_0928","Warm/Hot"
"403","FWB_0929","Warm/Hot"
"404","FWB_0930","Warm/Hot"
"405","FWB_0932","Warm/Hot"
"406","FWB_0933","Cold/Cool"
"407","FWB_0934","Cold/Cool"
"408","FWB_0937","Warm/Hot"
"409","FWB_0938","Warm/Hot"
"410","FWB_0939","Warm/Hot"
"411","FWB_0940","Warm/Hot"
"412","FWB_0941","Warm/Hot"
"413","FWB_0942","Warm/Hot"
"414","FWB_0943","Cold/Cool"
"415","FWB_0945","Cold/Cool"
"416","FWB_0946","Cold/Cool"
"417","FWB_0947","Cold/Cool"
"418","FWB_0950","Cold/Cool"
"419","FWB_0951","Cold/Cool"
"420","FWB_0954","Warm/Hot"
"421","FWB_0955","Warm/Hot"
"422","FWB_0956","Warm/Hot"
"423","FWB_0957","Cold/Cool"
"424","FWB_0959","Cold/Cool"
"425","FWB_0960","Cold/Cool"
"426","FWB_0962","Cold/Cool"
"427","FWB_0963","Cold/Cool"
"428","FWB_0964","Cold/Cool"
"429","FWB_0965","Cold/Cool"
"430","FWB_0966","Cold/Cool"
"431","FWB_0967","Cold/Cool"
"432","FWB_0968","Cold/Cool"
"433","FWB_0969","Cold/Cool"
"434","FWB_0970","Cold/Cool"
"435","FWB_0972","Cold/Cool"
"436","FWB_0973","Cold/Cool"
"437","FWB_0974","Cold/Cool"
"438","FWB_0975","Cold/Cool"
"439","FWB_0976","Cold/Cool"
"440","FWB_0977","Cold/Cool"
"441","FWB_0979","Cold/Cool"
"442","FWB_0983","Warm/Hot"
"443","FWB_0984","Cold/Cool"
"444","FWB_0985","Cold/Cool"
"445","FWB_0988","Cold/Cool"
"446","FWB_0989","Cold/Cool"
"447","FWB_0990","Cold/Cool"
"448","FWB_0991","Cold/Cool"
"449","FWB_0992","Cold/Cool"
"450","FWB_0993","Cold/Cool"
"451","FWB_0996","Cold/Cool"
"452","FWB_0997","Cold/Cool"
"453","FWB_1003","Warm/Hot"
"454","FWB_1008","Warm/Hot"
"455","FWB_1012","Warm/Hot"
