"","fish_species","waterbody_type","sp_site_var_C_mean","sp_site_var_N_mean"
"1","Abramis brama","lentic",0.024346693669384,0.0209296379604414
"2","Abramis brama","lotic",0.0163335210580696,0.0134083379444862
"3","Acestridium discus","lotic",0.00768135904499539,0.0286160249739854
"4","Acestrorhynchus falcatus","lotic",7.83424668398587e-05,0.00113679224595413
"5","Acestrorhynchus lacustris","lotic",0.00875082994090394,0.0248159124835642
"6","Acestrorhynchus pantaneiro","lotic",0.00211372826678356,0.00461482577850235
"7","Achirus lineatus","lentic",4.05350669929376e-05,0.00531871531386001
"8","Acrossocheilus beijiangensis","lotic",0.0173340644840824,0.0119804518827655
"9","Ageneiosus inermis","lotic",0.00525432389380067,0.00659835493036103
"10","Ageneiosus militaris","lotic",0.010845748411933,0.00962257307073532
"11","Agosia chrysogaster","lotic",0.0155503178552791,0.0212037944207792
"12","Alburnoides bipunctatus","lotic",0.018459221283946,0.013847227728429
"13","Alburnus alburnus","lentic",0.0102986624274302,0.012925858883753
"14","Alburnus alburnus","lotic",0.0355396893821626,0.0258024685471939
"15","Alburnus escherichii","lentic",0.042211923020611,0.045974276027793
"16","Alburnus nasreddini","lentic",0.0125441983924706,0.0132592994694524
"17","Alestopetersius brichardi","lotic",0.00143494897959184,0.00267697798929208
"18","Alestopetersius caudalis","lotic",0.00267127623991011,0.0259723931551102
"19","Alestopetersius compressus","lotic",0.0007614380739554,0.00899528093994256
"20","Alosa aestivalis","lotic",0.00811461466220907,0.0117137145246069
"21","Alosa pseudoharengus","lentic",0.0103265907131264,0.0146490243388381
"22","Alosa pseudoharengus","lotic",0.00110425422656167,0.000925935343778957
"23","Amatolacypris trevelyani","lotic",0.138937114197531,0.0454975895316801
"24","Ambassis agassizii","lotic",0.0325848423727835,0.0511501674787687
"25","Ambassis agrammus","lotic",0.00401018709383947,0.00310979808389757
"26","Ambassis macleayi","lotic",0.0144292497756903,0.0126298306619411
"27","Ambloplites rupestris","lentic",0.0307541455005985,0.0474558846443139
"28","Amblyceps caecutiens","lotic",0.0135332097834484,0.0030935122457394
"29","Ameiurus melas","lentic",0.0390380501316781,0.0381808806175071
"30","Ameiurus melas","lotic",0.033997750661087,0.0452094091190098
"31","Ameiurus natalis","lotic",0.0287655504063046,0.0315919503980003
"32","Ameiurus nebulosus","lentic",0.0138142103394191,0.0128111843855666
"33","Ameiurus nebulosus","lotic",0.00398670657475907,0.134869083011106
"34","Ammocrypta pellucida","lotic",0.0249200400531713,0.040524418424563
"35","Amniataba percoides","lentic",0.00643248366430672,0.0100427983412913
"36","Amniataba percoides","lotic",0.0193653555843773,0.0251853311283335
"37","Amphilius natalensis","lotic",0.000664550952326988,0.000149764057018324
"38","Amphilius uranoscopus","lotic",0.0283664708447828,0.0347040549826144
"39","Anablepsoides hartii","lotic",0.0362288074970103,0.0484108538208965
"40","Anablepsoides lungi","lotic",0.0301524966689365,0.00525304996661188
"41","Anaecypris hispanica","lotic",0.021972679909991,0.0295867713293949
"42","Anatolichthys transgrediens","lentic",0.0619581921659953,0.00949570398573383
"43","Anchoa mitchilli","lentic",0.0104093363162674,0.031415626193865
"44","Anchoa mitchilli","lotic",0.0133725975226488,0.0135094719656267
"45","Anchoviella vaillanti","lotic",0.0143154808557214,0.0116682199118988
"46","Ancistrus leucostictus","lotic",0.0361977924240627,0.042164921416117
"47","Ancistrus maracasae","lotic",0.0950349938259429,0.0453492404987244
"48","Andinoacara pulcher","lotic",0.0144629928452664,0.0384155414557941
"49","Anguilla anguilla","lentic",0.0351888614540053,0.0245350164774662
"50","Anguilla anguilla","lotic",0.0273274016164589,0.0209931145761248
"51","Anguilla australis","lotic",0.0547474066005242,0.0579222098301446
"52","Anguilla dieffenbachii","lotic",0.0545556223486506,0.0564716708749047
"53","Anguilla reinhardtii","lotic",0.077133907433211,0.0263529381330121
"54","Anguilla rostrata","lotic",0.0214684079506052,0.0169674740952032
"55","Anodontiglanis dahli","lentic",0.0256831627666513,0.00728248957386371
"56","Anodontiglanis dahli","lotic",0.0270405819316224,0.0245578085131766
"57","Apareiodon affinis","lotic",0.0308405097276925,0.00689134642522775
"58","Apareiodon hasemani","lotic",0.0123456725554901,0.0117391844560142
"59","Apareiodon ibitiensis","lotic",0.00315705302008744,0.00947430832619684
"60","Apeltes quadracus","lotic",0.0120397215183422,0.0261167156194892
"61","Aphyocharax rathbuni","lotic",0.00105497176967892,0.00558043996808152
"62","Aphyocypris normalis","lotic",0.013531251804888,0.00463218062241886
"63","Aphyosemion australe","lotic",0.0126443468757693,0.0234542129483484
"64","Apistogramma agassizii","lotic",0.257325141776938,0.000800000000000009
"65","Aplochiton taeniatus","lentic",0.0373732044793283,0.114614634213983
"66","Aplochiton zebra","lentic",0.0051364952383433,0.0158347820955483
"67","Aplodinotus grunniens","lentic",0.000316154928102883,0.00550871639469487
"68","Aplodinotus grunniens","lotic",0.0098511673456098,0.00651804936567569
"69","Archosargus probatocephalus","lotic",0.0423832944017185,0.0752488128851931
"70","Ariopsis assimilis","lotic",0.000411539393336063,0.000132544981769994
"71","Ariopsis felis","lotic",0.00671040337170236,0.00290068668708367
"72","Arrhamphus krefftii","lotic",0.0120381286132683,0.00699837943837609
"73","Astatheros macracanthus","lotic",4.71297954566888e-05,0
"74","Astronotus crassipinnis","lentic",0.00196543875703041,0.00207879825742544
"75","Astyanax aeneus","lentic",0.00496613064685481,0.01945004804593
"76","Astyanax aeneus","lotic",0.0504453800149827,0.0142883732597531
"77","Astyanax bimaculatus","lotic",0.0334113356296855,0.0186553360319545
"78","Astyanax finitimus","lotic",0.0164776964358119,0.0226875356529337
"79","Astyanax lacustris","lotic",0.0144482630920074,0.02451368724297
"80","Astyanax validus","lotic",0.00125546345871989,0.00442440310235155
"81","Atherina boyeri","lentic",0.0147729159555621,0.0192788031717596
"82","Atherinella alvarezi","lentic",0.0119919746973487,0.00541446945322382
"83","Atherinella alvarezi","lotic",0.0138032390195806,0.00502775613655686
"84","Atractosteus tropicus","lotic",0.0370417822919545,0.00234628233226441
"85","Auchenipterus nigripinnis","lotic",0.0486086524637784,0.0154477658561147
"86","Auchenipterus osteomystax","lotic",0.0919777064256149,0.00209054747885833
"87","Auchenoglanis occidentalis","lentic",0.0363019042799551,0.00806233298678527
"88","Australoheros facetus","lotic",0.0409906507081575,0.0307975487055195
"89","Austroglanis gilli","lotic",0.108008866100519,0.00583563412097961
"90","Bagre marinus","lentic",0.0595006503257045,0.0542658363422108
"91","Bagre marinus","lotic",0.10497886093444,0.0299719565987339
"92","Barbatula barbatula","lentic",0.0062943213540588,0.0222953216374269
"93","Barbatula barbatula","lotic",0.0298079107294612,0.0183822192610866
"94","Barbatula toni","lentic",0.0112527010604596,0.00531185076177285
"95","Barbodes binotatus","lotic",0.0374687353676171,0.0177625982072696
"96","Barbus barbus","lotic",0.0221520776493673,0.0226400036906175
"97","Barbus haasi","lotic",0.110078059840036,0.107363686060545
"98","Basilichthys microlepidotus","lotic",0.0588698959968883,0.00774236818625861
"99","Batasio fluviatilis","lotic",0.0163004073746392,0.117968308931462
"100","Batrochoglanis raninus","lotic",0.0115044602816589,0.0116132625762028
"101","Belonesox belizanus","lotic",0.0296184173655194,0.036325018943522
"102","Bleekeriella leptaspis","lotic",0.00840855772293332,0.00953719498903264
"103","Blicca bjoerkna","lentic",0.0123932856568748,0.011413492683268
"104","Blicca bjoerkna","lotic",0.00482872481750342,0.00123194182989437
"105","Brachyalestes imberi","lentic",0.0350156666484833,0.0551222613686228
"106","Brachyalestes imberi","lotic",0.0166285236745501,0.0084937165571102
"107","Brachyalestes lateralis","lentic",0.0109009134786689,0.0125801004997123
"108","Brachyalestes lateralis","lotic",0.0195639389171763,0.00645624937856667
"109","Brachyalestes nurse","lentic",0.00239084553488986,0.00310705358957061
"110","Brachyalestes prognathosi","lotic",0.000125890162534408,0.00732333749826461
"111","Brachyalestes sadleri","lentic",0.00620359086186717,0.00150786466017954
"112","Brachymystax lenok","lentic",0.0221471880294739,0.022763277007598
"113","Brachymystax lenok","lotic",0.0436513467721613,0.04798426233148
"114","Brachypetersius altus","lotic",0.000567834416319031,0.0235095217452251
"115","Brycon guatemalensis","lotic",0.0272230354071879,0.0222220938619496
"116","Brycon orbignyanus","lotic",0.0162841010554647,0.0188238994430687
"117","Brycon orthotaenia","lotic",0.0140222617844061,0.0513536919835405
"118","Bryconaethiops boulengeri","lotic",0.000896347759939043,0.0160022653863116
"119","Bryconaethiops macrops","lotic",0.000244409192334638,0.0116865376339078
"120","Bryconaethiops microstoma","lotic",0.000531484003216235,0.00832685120527981
"121","Bryconalestes longipinnis","lotic",0.00403336475183573,0.0111748128592824
"122","Bryconamericus guyanensis","lotic",0.00677277439282638,0.00591441794466923
"123","Bryconamericus hyphesson","lotic",0.00046057117724992,0.0015400807930238
"124","Bryconamericus microcephalus","lotic",0.084828314695737,0.0130627841613111
"125","Bryconops affinis","lotic",0.00140655726267581,0.00364409371501924
"126","Bryconops melanurus","lotic",9.14109368616643e-05,0.00148738623710648
"127","Callichthys callichthys","lotic",0.0944917896999883,0.00858831811449425
"128","Campostoma anomalum","lotic",0.019553509236531,0.0138086515371079
"129","Caranx hippos","lentic",0.0244607336439687,0.08267721235943
"130","Caranx hippos","lotic",0.032759496921967,0.0375992051040928
"131","Carassius auratus","lentic",0.0149768704201673,0.0136930115310133
"132","Carassius auratus","lotic",0.0198463265763655,0.0126867111357289
"133","Carassius carassius","lentic",0.0530633146177172,0.0119185432994004
"134","Carassius carassius","lotic",0.0268155052305969,0.0636655619733983
"135","Carassius gibelio","lentic",0.0348571079350148,0.0203176210677953
"136","Carassius gibelio","lotic",0.0107564705380828,0.0131706503313284
"137","Carlhubbsia kidderi","lentic",0.00586010674234213,6.16230115639782e-05
"138","Cathorops aguadulce","lentic",0.111564855469061,0.00239262015982578
"139","Cathorops aguadulce","lotic",0.0245548756672446,0.0165966954270513
"140","Cathorops melanopus","lotic",0.000843988915589924,0.000298230214287864
"141","Catostomus catostomus","lentic",0.0032853123574894,0.0063735691987513
"142","Catostomus catostomus","lotic",0.0239891366062492,0.00667368819430129
"143","Catostomus clarkii","lotic",0.0379307591893337,0.0221133123300343
"144","Catostomus commersonii","lentic",0.0475078316403292,0.0122221710844929
"145","Catostomus commersonii","lotic",0.0415538974208847,0.0321136925104148
"146","Catostomus insignis","lotic",0.0334061711534625,0.0175333755711747
"147","Centropomus poeyi","lentic",0.0591409010853627,0.000816940437328103
"148","Centropomus poeyi","lotic",0.0110926532769776,0.0181441033826114
"149","Centropomus undecimalis","lentic",0.029314477884727,0.0208263394896142
"150","Centropomus undecimalis","lotic",0.0582923485755319,0.0453596904429914
"151","Channa gachua","lotic",0.0270964211061614,0.0521462703242969
"152","Channallabes apus","lotic",0.00172044275851213,0.0312837199867571
"153","Characidium fasciatum","lotic",0.00514109464900734,0.00715149570229329
"154","Characidium zebra","lotic",0.00677768811934011,0.0102894098205421
"155","Charax pauciradiatus","lotic",0.00153275585585759,0.00126783912986273
"156","Chasmocranus bleekeri","lotic",7.31885526226934e-05,0.00217140712543226
"157","Chasmocranus brevior","lotic",0.00585940396535394,0.0021852842711577
"158","Chasmocranus longior","lotic",0.00724446997989083,0.00456037772700957
"159","Cheilobarbus capensis","lotic",0.00177589061582013,0.022027800686053
"160","Cheirodon australe","lotic",0.0442579714105657,0.0192483618936032
"161","Chetia flaviventris","lotic",0.0151130711437567,0.0242469939544746
"162","Chiloglanis pretoriae","lotic",0.0342568500874137,0.0205821320401635
"163","Chondrostoma nasus","lotic",0.0604374789260243,0.0378507368776192
"164","Chromidotilapia mamonekenei","lotic",0.0187802665675359,0.00760712777167926
"165","Chrosomus eos","lentic",0.00444057405156119,0.00469612836538791
"166","Chrosomus eos","lotic",0.0164993242847766,0.0150039062182937
"167","Chrysichthys auratus","lentic",0.025975041753712,0.0105583543286539
"168","Chrysichthys longibarbis","lotic",0.00340433125708884,0.0258407382061956
"169","Chrysichthys longipinnis","lotic",0.00204146209515255,0.00879841732611411
"170","Chrysichthys nigrodigitatus","lentic",0.0387927867435298,0.0342258418882123
"171","Chrysichthys punctatus","lotic",0.00364880424530813,0.0235723424750213
"172","Chrysichthys sharpii","lotic",0,0.00475907198096372
"173","Chuco intermedium","lotic",0.120712809917355,0.034320987654321
"174","Cichlasoma bimaculatum","lotic",0.0499211842594378,0.0767644423869106
"175","Cichlasoma sanctifranciscense","lotic",0.00738076939325868,0.0167251121406244
"176","Cincelichthys pearsei","lentic",0.0898038005488834,0.00369073596508631
"177","Cincelichthys pearsei","lotic",0.104059073075736,0.00222222222222222
"178","Citharinus gibbosus","lotic",0.0013109410430839,0.00659329764029348
"179","Clarias angolensis","lotic",0.000463809940993071,0.0491200712853642
"180","Clarias gabonensis","lotic",0.00257315042160318,0.0153845721191279
"181","Clarias gariepinus","lentic",0.0428671551092242,0.0166532840128352
"182","Clarias gariepinus","lotic",0.022443520079763,0.034760253538383
"183","Clarias ngamensis","lentic",0.0126431327850783,0.00383028872556336
"184","Clarias ngamensis","lotic",0.00814584362349812,0.00406414532318654
"185","Clarias pachynema","lotic",0.00419285587347446,0.00365315672008003
"186","Clypeobarbus congicus","lotic",0.0098249716553288,0.0148274836406901
"187","Clypeobarbus pleuropholis","lotic",0.00176145113729518,0.0038335299762319
"188","Cobitis paludica","lotic",0.0211076875172028,0.0335324731670316
"189","Cobitis sinensis","lotic",0.00350791537197576,0.0156788637150668
"190","Colossoma macropomum","lentic",0.00988929274063262,0.0138121686757873
"191","Copella carsevennensis","lotic",0.00383429424008547,0.00300052466098093
"192","Copella nigrofasciata","lotic",0.037192378328742,0.0271430223147185
"193","Coptodon rendalli","lentic",0.0848041257066742,0.0276868029553224
"194","Coptodon rendalli","lotic",0.0133928506522907,0.0192612673581748
"195","Coptodon zillii","lentic",0.0232498588427632,0.0141129407989963
"196","Coptostomabarbus wittei","lentic",0.0140883370035094,0.00450853780703197
"197","Coregonus albula","lentic",0.0195700158216335,0.0214387018913996
"198","Coregonus artedi","lentic",0.0235250078395642,0.00620164559849204
"199","Coregonus clupeaformis","lentic",0.0184026322283076,0.00792069359882925
"200","Coregonus clupeaformis","lotic",0.0742777501057948,0.0437984501571061
"201","Coregonus fontanae","lentic",0.0241654446704305,0.0156122812764578
"202","Coregonus hoyi","lentic",0.00953687695646523,0.0308616355068003
"203","Coregonus lavaretus","lentic",0.00665054104000408,0.0183179715587117
"204","Coregonus nasus","lentic",0.0996243260082773,0.00597643334489793
"205","Corydoras geoffroy","lotic",0.00497626651582174,0.00480179440751345
"206","Corydoras guianensis","lotic",0.00139917987734361,0.00251618036802897
"207","Cottus bairdii","lotic",0.0021425602827421,0.00411186372203284
"208","Cottus cognatus","lentic",0.013852137184505,0.0380486185997214
"209","Cottus cognatus","lotic",0.0366133214020321,0.0443759915006905
"210","Cottus gobio","lentic",0.0892239963795976,0.0477017195767195
"211","Cottus gobio","lotic",0.0319106247672625,0.0215725072459924
"212","Cotylopus acutipinnis","lotic",0.00767390917905711,0.0250541441081221
"213","Couesius plumbeus","lentic",0.00945094193609447,0.00574496693124374
"214","Couesius plumbeus","lotic",0.0140382216713389,0.0124231998637913
"215","Craterocephalus fulvus","lotic",0.0371271405283407,0.026465284535546
"216","Craterocephalus marianae","lotic",0.0322004094755313,0.000303711289031156
"217","Craterocephalus marjoriae","lotic",0.0721180651569928,0.024384725024642
"218","Craterocephalus stercusmuscarum","lentic",0.0237744472888186,0.0413620469524998
"219","Craterocephalus stercusmuscarum","lotic",0.049321780397812,0.013535681376588
"220","Crenicichla albopunctata","lotic",0.0133385563838516,0.0275818218883677
"221","Crenicichla frenata","lotic",0.00267981394445093,0.00930740436332605
"222","Ctenogobius cervicosquamus","lotic",0.0530022696490873,0.0164069744945989
"223","Ctenopharyngodon idella","lentic",0.000249239036328556,0.000574092976714844
"224","Ctenopharyngodon idella","lotic",0.0144162903929102,0.00107336918181288
"225","Ctenopoma gabonense","lotic",0.00409613715277778,0.0108333333333333
"226","Ctenopoma ocellatum","lotic",0.00627795884724088,0.0170169602886003
"227","Culaea inconstans","lentic",0.0182723959625944,0.0152729811791676
"228","Culaea inconstans","lotic",0.0262422692538861,0.0284095373876515
"229","Curimatella lepidura","lotic",0.00802680150331728,0.0136235928543311
"230","Cynopotamus argenteus","lotic",0.00967928975371666,0.00256257107354967
"231","Cynopotamus essequibensis","lotic",0.000804877500967731,0.000940650751185379
"232","Cyphocharax platanus","lotic",0.00519363437338405,0.0389562434070291
"233","Cyphocharax spilotus","lotic",0.0401996701592058,0.146144482893289
"234","Cyphomyrus cubangoensis","lotic",0.00429548313988668,0.00549056289827568
"235","Cyphomyrus discorhynchus","lotic",0.0958654046283815,0.0632770387244598
"236","Cyphomyrus psittacus","lotic",0.00949778762337374,0.0435231273664335
"237","Cyprinella lutrensis","lotic",0.012533612322849,0.0109053325981833
"238","Cyprinella monacha","lotic",0.00483486272868629,0.0157139386366792
"239","Cyprinella spiloptera","lotic",0.0263528224636665,0.0759997790468909
"240","Cyprinus carpio","lentic",0.0313530558713918,0.0250514063390446
"241","Cyprinus carpio","lotic",0.0377810617381943,0.0544960395500597
"242","Dajaus monticola","lotic",0.0149642196981267,0.0384078695138953
"243","Denariusa australis","lotic",0.0189690775495442,0.0154865544492546
"244","Diapterus auratus","lotic",0.0204267885059368,0.0340648555411524
"245","Diapterus rhombeus","lotic",0.000243820170521061,0.0101951940570197
"246","Dicentrarchus labrax","lentic",0.0299696513751305,0.0204098840410208
"247","Distichodus affinis","lotic",0.030616945014347,0.00596060786506326
"248","Distichodus fasciolatus","lotic",0.00512023642939744,0.0359050958095241
"249","Distichodus lusosso","lotic",0.0105014019303097,0.00258101805109131
"250","Distichodus noboli","lotic",0.0145218460648148,0.0142592592592593
"251","Distichodus notospilus","lotic",0.0191013559381532,0.0278625509661825
"252","Distichodus sexfasciatus","lotic",0.0108611910777795,0.0335678347386983
"253","Distichodus teugelsi","lotic",0.040707828375297,0.0286700076524508
"254","Dormitator maculatus","lentic",0.0117872809549208,0.000992432966200271
"255","Dormitator maculatus","lotic",0.0530718868685307,0.00213655949342191
"256","Dorosoma anale","lentic",0.0709249340911919,0.0545269311778876
"257","Dorosoma anale","lotic",0.0232993272052581,0.0272966701331444
"258","Dorosoma cepedianum","lotic",0.00539389176885048,0.000812002843368204
"259","Dorosoma petenense","lentic",0.0332079165041614,0.0242321641688146
"260","Dorosoma petenense","lotic",0.0530762069162216,0.0350669569234172
"261","Eigenmannia microstomus","lotic",0.0195740069683347,0.0111554398013999
"262","Eigenmannia virescens","lotic",0.039493834196014,0.00944309857384441
"263","Elachocharax pulcher","lotic",0.000165289256198345,0.00208116545265347
"264","Eleotris perniger","lotic",0.00607599498310442,0.00076814627915361
"265","Elops hawaiensis","lotic",0.0278077407757176,0.00391409142181343
"266","Engraulicypris brevianalis","lotic",0.00742682197460701,0.000148202246202292
"267","Enteromius afrohamiltoni","lentic",0.0622605845188128,0.00192583372594082
"268","Enteromius afrohamiltoni","lotic",0.0334985465889353,0.00980570043452631
"269","Enteromius afrovernayi","lotic",0.00257200351845435,0.0035116070193192
"270","Enteromius anoplus","lotic",0.145604933752575,0.132989707542781
"271","Enteromius barnardi","lotic",0.004097192312582,0.00613321695800384
"272","Enteromius barotseensis","lotic",0.00362779187488076,0.00673339643050297
"273","Enteromius bifrenatus","lentic",0.0654012578256353,0.0188923146543388
"274","Enteromius bifrenatus","lotic",0.0213204714473173,0.0520032378225115
"275","Enteromius brazzai","lotic",0.0109404621043707,0.0186103407166906
"276","Enteromius eutaenia","lotic",0.019689211728533,0.0146903455415326
"277","Enteromius fasciolatus","lotic",0.0219251706318094,0.0102211768455024
"278","Enteromius haasianus","lentic",0.00203111644710438,0.00225126966334349
"279","Enteromius kerstenii","lotic",0.0454566637726768,0.00725310342291441
"280","Enteromius lineomaculatus","lotic",0.0593982302255949,0.0762976959552931
"281","Enteromius miolepis","lotic",0.00167229250946945,0.0302368753248682
"282","Enteromius motebensis","lotic",0.0442640545304974,0.0517816424643057
"283","Enteromius pallidus","lotic",0.230427169056122,0.0267518096594281
"284","Enteromius paludinosus","lentic",0.0223977469699546,0.0310800118192638
"285","Enteromius paludinosus","lotic",0.0596593322807071,0.0546138063810638
"286","Enteromius poechii","lentic",0.027827120637146,0.00768941929584892
"287","Enteromius poechii","lotic",0.0127985217695357,0.0429744215167168
"288","Enteromius radiatus","lentic",0.00809750945637324,0.00684161620563595
"289","Enteromius radiatus","lotic",0.0243736126419618,0.0186984714930748
"290","Enteromius stanleyi","lotic",5.1534437888119e-05,0.00545778569837382
"291","Enteromius thamalakanensis","lotic",0.00784655147030631,2.4311705235163e-06
"292","Enteromius treurensis","lotic",0.0948298669748576,0.0247347167014722
"293","Enteromius trimaculatus","lentic",0.0585671409037946,0.00902803562194771
"294","Enteromius trimaculatus","lotic",0.0238686096605489,0.0497878328798133
"295","Enteromius unitaeniatus","lentic",0.00182176397923471,0.0018991717804878
"296","Enteromius unitaeniatus","lotic",0.0157224823770712,0.0128037423199995
"297","Epiplatys ansorgii","lotic",0.0110105376344483,0.00653594711332634
"298","Epiplatys singa","lotic",0.0175710563550148,0.00819355455409013
"299","Erythrinus erythrinus","lotic",0.0037807183364839,0.000799999999999995
"300","Esox lucius","lentic",0.017417503475159,0.0198560385074671
"301","Esox lucius","lotic",0.0184181662060811,0.0207064603972149
"302","Etheostoma exile","lotic",0.00741338699286559,0.0130553499318419
"303","Etheostoma nigrum","lotic",0.064337604426594,0.0272616042744254
"304","Eucinostomus melanopterus","lentic",0.000260384478825316,0.000231885505496601
"305","Eugerres mexicanus","lentic",0.000634920634920638,0.0223509319076261
"306","Eugerres mexicanus","lotic",0.00695909636826664,0.00362164879369463
"307","Eugnathichthys macroterolepis","lotic",0.00337400470621821,0.0554812380706267
"308","Eugnathichthys virgatus","lotic",0.000488281250000002,0.00222222222222223
"309","Farlowella reticulata","lotic",0.0193936131868103,0.00870587547329795
"310","Fundulus diaphanus","lotic",0.0118154578479367,0.00527552449872632
"311","Fundulus heteroclitus","lotic",0.0195855983353005,0.0114411989056235
"312","Fundulus zebrinus","lotic",0.00161935869356903,5.38040891775244e-06
"313","Galaxias argenteus","lotic",0.00897137998193204,0.0459174032195258
"314","Galaxias brevipinnis","lotic",0.113917207855272,0.115450304399552
"315","Galaxias fasciatus","lotic",0.0860439175530328,0.104440663127857
"316","Galaxias maculatus","lentic",0.014192816928137,0.0172361680705381
"317","Galaxias maculatus","lotic",0.0318305080842626,0.0334954120934251
"318","Galaxias paucispondylus","lotic",0.141019848015065,0.118852761629015
"319","Galaxias platei","lentic",0.0575503245409024,0.060812694246107
"320","Galaxias platei","lotic",0.0125555199487262,0.181120884546521
"321","Galaxias postvectis","lotic",0.00648905642635727,0.0499813649449587
"322","Galaxias vulgaris","lotic",0.0897011112639048,0.0909512670145055
"323","Galeocharax humeralis","lotic",0.00942204846595275,0.00547163936225736
"324","Gambusia affinis","lentic",0.0268747363958452,0.0177089783373488
"325","Gambusia affinis","lotic",0.0322339663649906,0.0405551172164519
"326","Gambusia echeagarayi","lotic",0.00425053495408881,0.0189092809761185
"327","Gambusia holbrooki","lentic",0.0537110320481617,0.0577498688331289
"328","Gambusia holbrooki","lotic",0.0334577837101546,0.0266709662062703
"329","Gambusia sexradiata","lentic",0.00555631548195595,0.0605001033532561
"330","Gambusia sexradiata","lotic",0.0159625759647584,0.00479465053094369
"331","Gambusia yucatana","lentic",0.0325258388651717,0.000846465648350196
"332","Gambusia yucatana","lotic",0.00221194082121565,0.00187709561695357
"333","Garra fuliginosa","lotic",0.0420835159617211,0.0150393416091321
"334","Gasteropelecus sternicla","lotic",0.00269717853205776,0.0010156279695335
"335","Gasterosteus aculeatus","lentic",0.00724826601463378,0.0244075250669381
"336","Gasterosteus aculeatus","lotic",0.0323913495800284,0.0240814256749273
"337","Geotria australis","lotic",0.0118406342718985,0.0108241367072223
"338","Gerres filamentosus","lotic",0.00814651690591032,0.0147283682852558
"339","Gila nigra","lotic",0.00985672736647012,0.00719360562152038
"340","Gila robusta","lotic",0.052419682774923,0.0525054004517149
"341","Glossamia aprion","lentic",0.0367459028949042,0.0175723081827358
"342","Glossamia aprion","lotic",0.0170526344667435,0.0198672224082108
"343","Glossogobius callidus","lotic",0.0183908955055737,0.00319640547143055
"344","Glossogobius giuris","lentic",0.00370593201766235,0.0599132234032366
"345","Glossogobius giuris","lotic",0.0416192207982171,0.0147405551760809
"346","Glyptothorax laosensis","lotic",0.0124121426464096,0.00843577597919379
"347","Glyptothorax major","lotic",0.0163791409760963,0.0241912907339481
"348","Gnathonemus petersii","lotic",0.0205076279643802,0.0206439619274241
"349","Gobio gobio","lentic",0.0064299644119952,0.00821003487133898
"350","Gobio gobio","lotic",0.0218355312205811,0.0131489495411295
"351","Gobio lozanoi","lotic",0.183539832732182,0.115205583654683
"352","Gobiomorphus australis","lotic",0.00529626228824119,0.00666130915247983
"353","Gobiomorphus breviceps","lotic",0.0728371077121074,0.0649020992244139
"354","Gobiomorphus cotidianus","lotic",0.0390566357074106,0.0288241904840684
"355","Gobiomorphus hubbsi","lotic",0.00583107300462357,0.0228954734355074
"356","Gobiomorphus huttoni","lotic",0.00265806364473737,0.00855415063805232
"357","Gobiomorus dormitor","lentic",0.00578938357794315,0.00283081819620776
"358","Gobiomorus dormitor","lotic",0.0119284921212606,0.00398673804798646
"359","Gobionellus oceanicus","lotic",0.0485525897387435,0.00140470494947373
"360","Guianacara geayi","lotic",0.00194955305336782,0.0142900363104789
"361","Guianacara owroewefi","lotic",0.00132582591209423,0.00310393716987124
"362","Guyanancistrus brevispinis","lotic",0.0222615570238437,0.00639874605106652
"363","Gymnocephalus cernua","lentic",0.0497731861470155,0.0234881895322592
"364","Gymnocephalus cernua","lotic",0.00372214967961321,0.00123126911310379
"365","Gymnotus carapo","lotic",0.0213635247657108,0.0131224552945992
"366","Gymnotus coropinae","lotic",0.0119332130780003,0.0102830412100736
"367","Gymnotus pantherinus","lotic",0.000215356875819989,0.00621842251131312
"368","Hainania serrata","lotic",0.0631885997986121,0.0441665176871922
"369","Hannia greenwayi","lotic",0.00136302518426257,0.00541858499592924
"370","Harengula jaguana","lentic",1.38666290498687e-05,9.7087010951866e-05
"371","Harttia fowleri","lotic",0.00102300240891852,0.0247639982996389
"372","Harttia longipinna","lotic",0.0114475067939105,0.00240974086386705
"373","Harttia novalimensis","lotic",0.010337621276561,0.00169127258834411
"374","Harttia torrenticola","lotic",0.0146844419525106,0.0131213251300814
"375","Hasemania nana","lotic",0.00527050598705892,0.137113156393844
"376","Helogenes marmoratus","lotic",0.0169414836211114,0.01053260369264
"377","Hemibrycon surinamensis","lotic",0.00145408507843891,0.0112015293161823
"378","Hemichromis elongatus","lentic",0.00334160914013302,0.00063646829751535
"379","Hemichromis elongatus","lotic",0.0319049257551373,0.0305500868078561
"380","Hemichromis fasciatus","lentic",0.0064800787217219,0.0109343409335252
"381","Hemichromis lifalili","lotic",0.00581190321180554,0.0198842592592592
"382","Hemigrammus collettii","lotic",0.00142917331274343,0.00212434909679672
"383","Hemigrammus marginatus","lotic",0.0439043280677064,0.0117989363043142
"384","Hemigrammus rodwayi","lotic",0.00901990994807474,0.00920760785345671
"385","Hemigrammus unilineatus","lotic",0.00570610276945181,0.0153296983569735
"386","Hephaestus carbo","lotic",0.0162354294663238,0.0177010410957057
"387","Hephaestus fuliginosus","lotic",0.0535286332293489,0.0433482378730675
"388","Hephaestus jenkinsi","lotic",0.0206727155819243,0.0526205962658746
"389","Hepsetus cuvieri","lentic",0.0195281619968699,0.0173848576487347
"390","Hepsetus cuvieri","lotic",0.00618014431365237,0.0053536123730053
"391","Hepsetus lineatus","lotic",0.00213829620667374,0.00463603460291989
"392","Heterophallus milleri","lentic",0.00102923224729468,0.00303416650135555
"393","Heterophallus milleri","lotic",0.00418523811903811,0.000442239411128436
"394","Hiodon alosoides","lotic",0.0426717725045937,0.0185448527317668
"395","Hiodon tergisus","lotic",0.0429425220438957,0.00950117274220592
"396","Hippopotamyrus weeksii","lotic",0.00547123948912193,0.0135887725551348
"397","Holopristis ocellifera","lotic",0.003960453496492,0.00280876569741093
"398","Homalopteroides smithi","lotic",0.017260284175336,0.0298354562978056
"399","Hoplias aimara","lotic",0.00949731318521727,0.0362891354882538
"400","Hoplias intermedius","lotic",0.00869437528451236,0.031840204601091
"401","Hoplias malabaricus","lentic",0.0389922841607765,0.0365606961009709
"402","Hoplias malabaricus","lotic",0.0123654956545741,0.027150356903858
"403","Hoplosternum littorale","lotic",0.00560726616145479,0.021183102452889
"404","Hucho taimen","lotic",0.00740563092434949,0.00675405244756387
"405","Hybognathus hankinsoni","lotic",0.0331661282186658,0.0101120019117297
"406","Hydrocynus forskahlii","lentic",0.00144170754178345,0.0112511536587814
"407","Hydrocynus vittatus","lentic",0.060808307445581,0.0208767655203912
"408","Hydrocynus vittatus","lotic",0.00797618723649721,0.0230069188985898
"409","Hypentelium nigricans","lotic",0.02846374791075,0.0370728354939972
"410","Hyperopisus bebe","lentic",0.0102945034371547,0.0064953292522513
"411","Hyphessobrycon borealis","lotic",0.0242696015923132,0.00335978121557382
"412","Hypomasticus despaxi","lotic",0.00307929418273333,0.0105667295294066
"413","Hypophthalmichthys molitrix","lentic",0.000397122606802416,8.72013689538385e-05
"414","Hypopomus artedi","lotic",0.000839150963669741,0.0247062983572111
"415","Hyporhamphus mexicanus","lentic",0.0205256968838134,0.00190269090535666
"416","Hyporhamphus mexicanus","lotic",0.0128793252780713,0.0055581128753069
"417","Hypostomus affinis","lotic",0.0118090225678453,0.0183781293582773
"418","Hypostomus auroguttatus","lotic",0.0338772628072202,0.00138661824183414
"419","Hypostomus commersoni","lotic",0.047634833717696,0.00634778320899077
"420","Hypostomus francisci","lotic",0.0245522433189405,0.0210262249270823
"421","Hypostomus gymnorhynchus","lotic",3.88394139615026e-05,0.000167719947939725
"422","Hypostomus lima","lotic",0.00981270014087991,0.0103214951780348
"423","Hypostomus luteomaculatus","lotic",0.0203837101340543,0.00341420295145535
"424","Hypostomus macrops","lotic",0.0166298874481453,0.00287110077942665
"425","Hypostomus margaritifer","lotic",0.0150070216242686,0.00229095394808325
"426","Hypostomus robinii","lotic",0.0145194528092524,0.0052468214661583
"427","Hypseleotris compressa","lotic",0.0352165919818574,0.00939893280485522
"428","Hypseleotris galii","lotic",0.00685027766677917,0.0353602823495419
"429","Hypseleotris klunzingeri","lotic",0.0374084575949703,0.0574833113834995
"430","Iberochondrostoma lemmingii","lotic",0.00778238865877263,0.0293516771547589
"431","Ictalurus meridionalis","lentic",0.000788208868639425,0.00184346034839163
"432","Ictalurus meridionalis","lotic",0.0728819156863493,0.00845323279597843
"433","Ictalurus punctatus","lotic",0.0331336292613263,0.00864977242440609
"434","Ictiobus meridionalis","lentic",0.00116733848487162,0.00551385753129995
"435","Iheringichthys labrosus","lotic",0.0107962459798174,0.00895497074128473
"436","Isichthys henryi","lotic",0.00666955828712402,0.00548821222562725
"437","Ituglanis nebulosus","lotic",0.00398742206319832,0.00972983360720147
"438","Japigny kirschbaum","lotic",0.0102768643964208,0.00022538694000472
"439","Jupiaba abramoides","lotic",0.00231428671093919,0.0106901821730026
"440","Jupiaba keithi","lotic",0.0209700373241938,0.000479440881295671
"441","Knipowitschia caucasica","lentic",0.00594469102485587,0.00266801296226968
"442","Knodus moenkhausii","lotic",0.00698753773160512,0.00431408798045653
"443","Krobia guianensis","lotic",0.0319101323931031,0.0224476798344852
"444","Kurtus gulliveri","lentic",0.0205708757394011,0.141954606322701
"445","Labeo coubie","lentic",0.0313664057637795,0.0233536479653209
"446","Labeo cylindricus","lentic",0.00246467569578961,0.000491395509861532
"447","Labeo cylindricus","lotic",0.0125857028621044,0.0194470219581978
"448","Labeo lineatus","lotic",0.0217013888888889,0.00029744199881023
"449","Labeo molybdinus","lotic",0.00588237579818556,0.00677594847006164
"450","Labeo rosae","lentic",0.0453287456311229,0.0688127558747486
"451","Labeo rosae","lotic",0.0141668941659643,0.00868986912459186
"452","Labeo senegalensis","lentic",0.0043272050024194,0.00261783663886409
"453","Labeobarbus aeneus","lotic",0.215710985087167,0.250772748056699
"454","Labeobarbus marequensis","lotic",0.0796582661637397,0.0355900132154094
"455","Labeobarbus nelspruitensis","lotic",0.000813807980305253,0.069136793942537
"456","Labeobarbus polylepis","lotic",0.0380898615104777,0.00564714192579881
"457","Lacustricola hutereaui","lentic",0.00148679130379079,0.00220558498709937
"458","Lacustricola katangae","lotic",0.0214968830908822,0.0175273606631254
"459","Lampetra planeri","lotic",0.0384538638654648,0.0236112150289255
"460","Lamprichthys tanganicanus","lentic",0.0179582254840827,0.0348372393797593
"461","Lamprologus mocquardi","lotic",5.10365523788115e-06,5.20616409829228e-05
"462","Lates calcarifer","lentic",0.0320274366021189,0.0131694922310322
"463","Lates calcarifer","lotic",0.0200203405590958,0.0294292799299285
"464","Lates niloticus","lentic",0.0141566608581986,0.0250504315129135
"465","Leiopotherapon aheneus","lotic",0.01793361176297,0.0105057445074562
"466","Leiopotherapon unicolor","lentic",0.0799259204594268,0.0494229039017674
"467","Leiopotherapon unicolor","lotic",0.0665378800532378,0.0287706421173847
"468","Lepidocharax burnsi","lotic",0.00604077046456262,0.011250218275008
"469","Lepomis cyanellus","lotic",0.0285061499695167,0.0376464602212911
"470","Lepomis gibbosus","lentic",0.0488819182948559,0.0189611825961526
"471","Lepomis gibbosus","lotic",0.0331011777448688,0.029219539209876
"472","Lepomis macrochirus","lentic",0.0487105791467203,0.0537270685674833
"473","Leporellus vittatus","lotic",0.00692791284061756,0.00285105803888863
"474","Leporinus gossei","lotic",0.00129928336493805,0.000548675676950049
"475","Leporinus marcgravii","lotic",0.00874281003695888,0.0037155189928076
"476","Leporinus nijsseni","lotic",0.0129500758287437,0.0662386403238345
"477","Leporinus striatus","lotic",0.0354031562515368,0.00316891085906053
"478","Leporinus taeniatus","lotic",0.0104599233334913,0.0286777564218869
"479","Leucaspius delineatus","lentic",0.00305804258332723,0.00640848702449265
"480","Leuciscus leuciscus","lentic",0.000929716784234033,0.005525969756739
"481","Leuciscus leuciscus","lotic",0.0103966685154526,0.0189512722579033
"482","Limnothrissa miodon","lentic",0.0129944520810318,0.0324369928928304
"483","Loricaria cataphracta","lotic",0.00274160298764723,0.000587690697580805
"484","Loricaria parnahybae","lotic",0.007423210349549,0.0202150216438612
"485","Loricariichthys melanocheilus","lotic",0.0151013302104354,0.00521971249462907
"486","Lota lota","lentic",0.016499204680369,0.0526704565135245
"487","Luciobarbus bocagei","lentic",0.0741446238051985,0.0405670390970874
"488","Luciobarbus comizo","lotic",0.0211237674703865,0.00748200756890413
"489","Luciobarbus graellsii","lotic",0.191545647112103,0.149841807925812
"490","Luciobarbus microcephalus","lotic",0.0623115096817506,0.0242163757232925
"491","Luciobarbus sclateri","lotic",0.0267779254562354,0.0113865942779711
"492","Luciobarbus steindachneri","lotic",0.0203643074577862,0.0195328780426526
"493","Luciopimelodus pati","lotic",0.0595601533942131,0.0182518841508535
"494","Luxilus cornutus","lotic",0.011735514781688,0.00734145099076361
"495","Lycengraulis grossidens","lotic",0.0215093905517868,0.0116432274681962
"496","Macquaria ambigua","lentic",0.0202928949807777,0.00730678193851989
"497","Macquaria ambigua","lotic",0.00367896239074648,0.00162177804917572
"498","Macrognathus circumcinctus","lotic",0.0125453566336599,0.047970858847557
"499","Malapterurus beninensis","lotic",0.00283020555431276,0.00466034499498366
"500","Malapterurus oguensis","lotic",0.00135540128230097,0.0125902222390627
"501","Marcusenius altisambesi","lentic",0.0121023322025545,0.00477987885038661
"502","Marcusenius altisambesi","lotic",0.0216925289599856,0.00918050651596439
"503","Marcusenius greshoffii","lotic",0.0236530376039305,0.0176482252627404
"504","Marcusenius kutuensis","lotic",0.00742210426561994,0.0542585579564862
"505","Marcusenius macrolepidotus","lentic",0.0156597043949575,0.00458662907562587
"506","Marcusenius macrolepidotus","lotic",0.0445649247733945,0.0144979442715215
"507","Marcusenius monteiri","lotic",0.0510104041634548,0.0555552831525468
"508","Marcusenius schilthuisiae","lotic",0.0200560693789763,0.0209919193435851
"509","Marcusenius stanleyanus","lotic",0.00651914796127148,0.0270159809726316
"510","Margariscus nachtriebi","lentic",0.0429544115883919,0.0132835306568753
"511","Maskaheros argenteus","lentic",0.000655944623873671,0.000277588614123198
"512","Mastacembelus armatus","lotic",0.0298287527528206,0.0143598619787631
"513","Mastacembelus frenatus","lotic",0.11945228839421,0.0158482307351643
"514","Mayaheros urophthalmus","lentic",0.0165629089850902,0.00533003259007378
"515","Mayaheros urophthalmus","lotic",0.0138442731279937,0.00975427916173866
"516","Meda fulgida","lotic",0.00828234556037876,0.00844703522397904
"517","Megaleporinus obtusidens","lotic",0.0224073711245029,0.0129174489321818
"518","Megaleporinus reinhardti","lotic",0.00437426522654941,0.0102523977808523
"519","Megalops atlanticus","lentic",0.0263011368735874,0.103441278774633
"520","Megalops atlanticus","lotic",0.0223950912330813,0.0120565218603423
"521","Megalops cyprinoides","lentic",0.0290002861116489,0.00683410372239282
"522","Megalops cyprinoides","lotic",0.025787218886243,0.024862823392636
"523","Melanocharacidium dispilomma","lotic",0.00626763914492582,0.00113679224595413
"524","Melanotaenia australis","lentic",0.0185387719091512,0.0580835042381401
"525","Melanotaenia australis","lotic",0.0149586396216677,0.00279304108423561
"526","Melanotaenia duboulayi","lotic",0.0302813544618613,0.0266130151415716
"527","Melanotaenia eachamensis","lotic",0.00996255055911114,0.0375644686651647
"528","Melanotaenia nigrans","lotic",0.013307922698912,0.00400011753183215
"529","Melanotaenia splendida","lotic",0.0296235551802044,0.0143733207556053
"530","Mesoborus crocodilus","lotic",0.000785750316364184,0.0236002976411475
"531","Micralestes acutidens","lotic",0.00890046291513349,0.0249300740366994
"532","Micralestes humilis","lotic",0.000500981003449035,0.00756535081166573
"533","Micralestes lualabae","lotic",0.00106911271656696,0.0127022547780054
"534","Microcharacidium weitzmani","lotic",0.00441689623507802,0.018796521113552
"535","Microctenopoma intermedium","lentic",0.0534769539043401,0.0111530168062476
"536","Microctenopoma intermedium","lotic",0.00427483726715657,0.00324002629172383
"537","Microctenopoma nanum","lotic",0.0342929024086051,0.0453377669614716
"538","Micropanchax johnstoni","lentic",0.0287801409702926,0.00887101959523598
"539","Micropanchax johnstoni","lotic",0.00747347238560087,0.0156736827677904
"540","Micropterus dolomieu","lentic",0.0306078853341083,0.0452686714870413
"541","Micropterus dolomieu","lotic",0.00869145490080873,0.0307407880615433
"542","Micropterus salmoides","lentic",0.0240492863565429,0.0314915803650159
"543","Micropterus salmoides","lotic",0.0173088145361011,0.0391321690127054
"544","Microthrissa congica","lotic",0.000556298420929068,0.000187421907538524
"545","Microthrissa royauxi","lotic",0.000439444486376972,0.00615387505712706
"546","Mimagoniates pulcher","lotic",0.00709436166238501,0.0145680367600839
"547","Misgurnus fossilis","lentic",0.00150616745449266,0.00320000000000001
"548","Moenkhausia chrysargyrea","lotic",0.0010096493070242,0.0086688680059928
"549","Moenkhausia costae","lotic",0.185852574394826,0.00601122168157034
"550","Moenkhausia moisae","lotic",0.00207186607564852,0.00192189670043711
"551","Moenkhausia oligolepis","lotic",0.00276376588471694,0.0202306409262115
"552","Moenkhausia surinamensis","lotic",0.00116744863688075,0.00817920391221658
"553","Mogurnda adspersa","lotic",0.0636460551240905,0.0445455165179551
"554","Mogurnda mogurnda","lotic",0.0790414718381666,0.00250113654974043
"555","Monodactylus falciformis","lotic",0.00860043205962004,0.0629489523946119
"556","Mormyrops anguilloides","lentic",0.00817632097996471,0.0368025719552589
"557","Mormyrops attenuatus","lotic",0.00639526643990929,0.0074360499702558
"558","Mormyrops boulengeri","lotic",0.00329820402483961,0.0873245711739809
"559","Mormyrops furcidens","lotic",0.0010435723672344,0.00902205390955666
"560","Mormyrops nigricans","lotic",0.00289881213120668,0.000445533526397867
"561","Mormyrus lacerda","lotic",0.0347096095456985,0.00927151125557235
"562","Mormyrus longirostris","lentic",0.00575848459685721,0.00265680910714547
"563","Mormyrus longirostris","lotic",0.0125546152365593,0.0434724365569273
"564","Mormyrus rume","lentic",0.00744609383597971,0.0139435445119066
"565","Morone saxatilis","lotic",0.00579360795398632,0.00231988370872632
"566","Moxostoma macrolepidotum","lotic",0.0461312380226558,0.030354302138775
"567","Mugil cephalus","lentic",0.195638861022038,0.0138863215950835
"568","Mugil cephalus","lotic",0.0620429818609266,0.0470560501562522
"569","Mugil curema","lotic",0.0381255196014281,0.00747817874738915
"570","Myleus micans","lotic",0.090265240567937,0.0935410058238451
"571","Myloplus ternetzi","lotic",0.00844299666706,0.0283002792275193
"572","Mylossoma aureum","lentic",0.00575734945781866,0.0151037720113124
"573","Myoxocephalus thompsonii","lentic",0.00286640213860263,0.00896891934244094
"574","Mystacoleucus marginatus","lotic",0.0288295958538232,0.0310581923952326
"575","NA","lentic",0.0351895539739483,0.0297924028085701
"576","NA","lotic",0.0293303281292649,0.0269765686802718
"577","Nannocharax machadoi","lotic",0,0.00423651436295755
"578","Nannocharax macropterus","lotic",0.00507285743609331,0.00011391363449053
"579","Nannocharax multifasciatus","lotic",0.00451884728108447,0.00478510031848534
"580","Nannocharax parvus","lotic",0.00566658107473978,0.00433984954549711
"581","Nannostomus bifasciatus","lotic",0.0375119299564337,0.0419766876722231
"582","Nannostomus digrammus","lotic",0.284669421487603,0.000520291363163369
"583","Nematalosa erebi","lentic",0.0215603843622837,0.0441499608402055
"584","Nematalosa erebi","lotic",0.0205391242637207,0.0255418745144841
"585","Neoarius graeffei","lentic",0.0192050771043076,0.0206113090646289
"586","Neoarius graeffei","lotic",0.0254661453697557,0.0254090197405282
"587","Neoceratodus forsteri","lotic",0.00482777127890929,0.0355846743884851
"588","Neochanna burrowsius","lentic",0.5,0.5
"589","Neochanna burrowsius","lotic",0.15574219961373,0.16336319462836
"590","Neogobius fluviatilis","lentic",0.0577364450972529,0.0175435534597586
"591","Neogobius melanostomus","lentic",0.020330779751867,0.00477022090039416
"592","Neogobius melanostomus","lotic",0.0402779857452165,0.0299873631844988
"593","Neolebias ansorgii","lotic",0.0159274789237213,0.0540859489507869
"594","Neolissochilus blanci","lotic",0.04583060322571,0.0164250037468951
"595","Neoplecostomus franciscoensis","lotic",0.0272918516423956,0.0485681520771752
"596","Neosilurus ater","lentic",0.00368799139747946,0.00565753482332535
"597","Neosilurus ater","lotic",0.0122108295614141,0.0144951434125609
"598","Neosilurus hyrtlii","lentic",0.0136963923422756,0.0140000171759695
"599","Neosilurus hyrtlii","lotic",0.0104859954403481,0.0151743536919238
"600","Nocomis biguttatus","lotic",0.018096036870091,0.0103820571369054
"601","Notemigonus crysoleucas","lentic",0.0392389973933261,0.000748339279159187
"602","Nothobranchius orthonotus","lentic",0.112884595103279,0.168657973532183
"603","Notropis atherinoides","lentic",0.00871917675379157,0.00167945943283631
"604","Notropis atherinoides","lotic",0.00816630087398645,0.00376844317387974
"605","Notropis blennius","lotic",0.00504278611239635,0.0113746778468744
"606","Notropis dorsalis","lotic",0.0158954633180714,0.00450232226234518
"607","Notropis heterodon","lentic",0.0187697676318522,0.00159855779147381
"608","Notropis hudsonius","lentic",0.0182284823999068,0.00989794008885749
"609","Notropis hudsonius","lotic",0.0189833080705635,0.0114483013136492
"610","Notropis stramineus","lotic",0.0219007303150627,0.00306086388387945
"611","Noturus flavus","lotic",0.0410541576012439,0.0105060310278776
"612","Odontesthes argentinensis","lotic",0.00254448580907482,0.00094097550013405
"613","Odontesthes mauleanum","lotic",0.00936110241844429,0.00187297549425014
"614","Odontesthes regia","lotic",0.0107515229951242,0.055887136195405
"615","Odontostilbe pequira","lotic",0.000192869414418206,0.037589386126857
"616","Oligosarcus argenteus","lotic",0.0105546823454262,0.0801956257639702
"617","Oligosarcus jenynsii","lotic",0.0190517801090323,0.0125571745640818
"618","Oncorhynchus clarkii","lentic",0.00634567397803719,0.0126008700028137
"619","Oncorhynchus keta","lotic",0.00890126971733758,0.0151695539388867
"620","Oncorhynchus kisutch","lentic",0.00450325952837867,0.00341281188017916
"621","Oncorhynchus mykiss","lentic",0.0612166501540584,0.0582427058528543
"622","Oncorhynchus mykiss","lotic",0.0634251088858215,0.061620497890259
"623","Oncorhynchus nerka","lentic",0.00255249179458455,0.00421021906578683
"624","Oncorhynchus tshawytscha","lentic",0.00427428517478946,0.00465876251618789
"625","Oncorhynchus tshawytscha","lotic",0.0852953140225703,0.0885109640130075
"626","Ophisternon aenigmaticum","lotic",0.0010917947425884,0.00148148148148149
"627","Ophisternon gutturale","lotic",0.00714603509449927,0.000324915476114251
"628","Opsanus beta","lotic",0.00465219910041189,0.017598245640007
"629","Opsaridium zambezense","lotic",0.00225528912557778,0.00153236662529518
"630","Opsariichthys bidens","lotic",0.0143083515071988,0.00983685594664259
"631","Oreochromis andersonii","lentic",0.0239588825256744,0.0324663123662833
"632","Oreochromis andersonii","lotic",0.0296713895174826,0.0172815219368134
"633","Oreochromis macrochir","lentic",0.0201234569053717,0.0096451033018372
"634","Oreochromis macrochir","lotic",0.0102372532029667,0.0135075753751505
"635","Oreochromis mossambicus","lentic",0.0566130904274899,0.0517627507515361
"636","Oreochromis mossambicus","lotic",0.0372833833966617,0.0334873533708429
"637","Oreochromis niloticus","lentic",0.00642946586615284,0.0161133403729622
"638","Oreochromis niloticus","lotic",0.0211564400793984,0.0140281990593566
"639","Orestias chungarensis","lentic",0.0378436118120297,0.0509827028668473
"640","Orestias chungarensis","lotic",0.00565118619273166,0.00969447919229782
"641","Orthospinus franciscensis","lotic",0.0564299206680645,0.03269291827391
"642","Oscura heterospila","lentic",0.126059801001626,0.0209511211702881
"643","Oscura heterospila","lotic",0.0105781463893371,0.00476726656421392
"644","Osmerus mordax","lentic",0.00473854685756089,0.00788786190191611
"645","Osmerus mordax","lotic",0.000957314113928622,0.00309258453473886
"646","Osteoglossum bicirrhosum","lentic",0.00683331874553443,0.00928886764310406
"647","Oxyeleotris lineolata","lentic",0.01941035969179,0.0118568720564002
"648","Oxyeleotris lineolata","lotic",0.0217574518748108,0.0209866682295655
"649","Oxyeleotris selheimi","lentic",0.0168733343502768,0.02065641711045
"650","Oxyeleotris selheimi","lotic",0.00786390790414336,0.0180449454664605
"651","Oxynoemacheilus germencicus","lentic",0.00403845071617855,0.00904462029998879
"652","Oxynoemacheilus nasreddini","lentic",0.00256416609496406,0.0263414876226959
"653","Pachychilon pictum","lotic",0.000221065153842928,0.000356042284527406
"654","Pachyurus bonariensis","lotic",0.0272536958980619,0.00840488338098264
"655","Pachyurus francisci","lotic",0.0141145310103923,0.000298521170694878
"656","Pantodon buchholzi","lotic",0.0286543622426338,0.0112152281424525
"657","Parachanna obscura","lotic",0.0108351155659769,0.00400980173758076
"658","Parachondrostoma miegii","lotic",0.0735752418275212,0.0659104908085863
"659","Parachromis managuensis","lotic",0.00248871006464287,0.000890721325182599
"660","Parailia congica","lotic",0.0036850605773429,0.0154498685317102
"661","Paralithoxus planquettei","lotic",0.00221879779047531,0.00102841193463548
"662","Paralithoxus stocki","lotic",0.0020441482332663,0.0142466770006485
"663","Paraloricaria vetula","lotic",0.0102713597927263,0.0152680847652679
"664","Paramormyrops kingsleyae","lotic",0.0243777614844017,0.00580059158685256
"665","Parapimelodus valenciennis","lotic",0.0204186804006015,0.0108596844696871
"666","Parauchenoglanis balayi","lotic",0.000659215310680513,0.000756446865915883
"667","Parauchenoglanis ngamensis","lotic",0.0308011727962316,0.006162663108053
"668","Parauchenoglanis punctatus","lotic",0.00217733000077302,0.00100245043439518
"669","Pareiorhaphis mutuca","lotic",0.063510858790571,0.0031143381339233
"670","Pareutropius debauwi","lotic",0.00102256586682491,0.0128235123706491
"671","Pellona castelnaeana","lentic",0.00948533429771002,0.00225129559706066
"672","Pellona flavipinnis","lotic",0.00205503045331924,0.00660643291484264
"673","Pelvicachromis subocellatus","lotic",0.0320522841849912,0.0266860370386
"674","Perca flavescens","lentic",0.0477005635271727,0.0230719790639814
"675","Perca flavescens","lotic",0.0602559333545183,0.0499375195642186
"676","Perca fluviatilis","lentic",0.0223725597344669,0.0268710141382275
"677","Perca fluviatilis","lotic",0.0286361710045276,0.0173668797523976
"678","Percalates novemaculeatus","lotic",0.00929794366174825,0.00913522047023873
"679","Percichthys trucha","lotic",0.00717700929551916,0.00128024668673504
"680","Percilia gillissi","lotic",0.00790083346942573,0.00739040874910995
"681","Percina caprodes","lentic",0.0318487276790251,0.00869836893712219
"682","Percina caprodes","lotic",0.032365670730659,0.0118599941045676
"683","Percina copelandi","lotic",0.00373449875644984,0.0209602181004879
"684","Percopsis omiscomaycus","lentic",0.00613329534305927,0.005872128888289
"685","Percopsis omiscomaycus","lotic",0.0187031656991822,0.0413511778564984
"686","Periophthalmus weberi","lotic",0.0145750273569829,0.000453771707354532
"687","Petenia splendida","lentic",0.0107949076279538,0.00334275164790469
"688","Petenia splendida","lotic",0.060995204222782,0.0222855194102834
"689","Petrocephalus arnegardi","lotic",1.28836094720292e-05,0.0054577856983738
"690","Petrocephalus binotatus","lotic",0.00909067484346415,0.0166751048016363
"691","Petrocephalus catostoma","lentic",0.0222896378828244,0.0062109416068933
"692","Petrocephalus catostoma","lotic",0.01209304070674,0.0186883787722908
"693","Petrocephalus christyi","lotic",0.0149808481932901,0.0414590053500227
"694","Petrocephalus grandoculis","lotic",0.1250045349224,0.0144432681235869
"695","Petrocephalus longicapitis","lotic",0.00309014369401851,0.0129118712817739
"696","Petrocephalus microphthalmus","lotic",0.0257319895919743,0.0253298933292948
"697","Petrocephalus okavangensis","lotic",0.0194336622774573,0.0114248802490356
"698","Petroleuciscus ninae","lentic",0.0186784521681331,0.0361763107347951
"699","Petroleuciscus smyrnaeus","lentic",0.00605105831488841,0.0117141091604808
"700","Petromyzon marinus","lotic",0.0174379340485514,0.00485893504290245
"701","Phago boulengeri","lotic",0.00464920481288705,0.0101725986323808
"702","Phalloceros anisophallos","lotic",0.0130028791908057,0.216695794842529
"703","Phalloceros uai","lotic",0.0148563812825667,0.0187895811451439
"704","Pharyngochromis acuticeps","lentic",0.0173978603954768,0.0203283985064864
"705","Pharyngochromis acuticeps","lotic",0.0525818198985418,0.0222222820509715
"706","Phenacogaster wayana","lotic",0.0253438484721285,0.00192143828278208
"707","Phenacogrammus interruptus","lotic",0.00168319920983762,0.0466445893428729
"708","Phenacorhamdia tenebrosa","lotic",0.0124582289098112,0.00267183135198431
"709","Phenacorhamdia tenuis","lotic",0.00494580591174744,0.0149405283921466
"710","Philypnodon grandiceps","lotic",0.0186090297854214,0.0125618877142085
"711","Philypnodon macrostomus","lotic",0.00135498328824088,0.00120033142899697
"712","Phoxinus phoxinus","lentic",0.0372634765336913,0.0361793599156194
"713","Phoxinus phoxinus","lotic",0.0352434974860472,0.0263245362525307
"714","Piabarchus stramineus","lotic",0.0267339424426617,0.0201469134687396
"715","Piabina argentea","lotic",0.0156959170027665,0.0199893396251867
"716","Pimelodella australis","lotic",0.00891338230905902,0.0131746665563221
"717","Pimelodella cristata","lotic",0.013943793584951,0.0125242558798119
"718","Pimelodella geryi","lotic",0.016470135237315,0.00971320421169111
"719","Pimelodella gracilis","lotic",0.00380475695387096,0.00312927742511018
"720","Pimelodella procera","lotic",0.00293875370217788,0.00196318259356122
"721","Pimelodus absconditus","lotic",0.0187582310032768,0.0026123768435969
"722","Pimelodus albicans","lotic",0.0217335939554405,0.0032289310886616
"723","Pimelodus blochii","lentic",0.114764791559339,0.0153681449043437
"724","Pimelodus fur","lotic",0.0149812696706279,0.0270729335826042
"725","Pimelodus maculatus","lotic",0.0268697424271181,0.0165864558384437
"726","Pimelodus pohli","lotic",0.0203989146377559,0.0164527199632703
"727","Pimephales notatus","lentic",0.00622921217718877,0.00385393119322844
"728","Pimephales notatus","lotic",0.0218895186992584,0.0132864154178627
"729","Pimephales promelas","lentic",0.00977784074175233,0.0060398237561407
"730","Pimephales promelas","lotic",0.0252572358091771,0.0105657138363197
"731","Pingalla midgleyi","lotic",0.0110745837512559,0.0056791470339524
"732","Planiliza alata","lotic",0.0231046159297125,0.0108034298999945
"733","Planiliza ordensis","lotic",0.0216092880439763,0.016470652564379
"734","Plataplochilus cabindae","lotic",0.00574467357415949,0.0266640660629437
"735","Poecilia mexicana","lentic",0.00527427715170266,0.00538440931808504
"736","Poecilia mexicana","lotic",0.0288671446794313,0.0273272570232864
"737","Poecilia reticulata","lotic",0.0551749999160831,0.0444283369232618
"738","Poeciliopsis pleurospilus","lotic",0.0263077396550099,0.0182367531255414
"739","Pollimyrus castelnaui","lotic",0.0115725619405669,0.00796468169478055
"740","Pollimyrus isidori","lotic",0.011583789768931,0.0184087927962458
"741","Pollimyrus nigripinnis","lotic",0.0193783470293792,0.0184032082103577
"742","Pomoxis nigromaculatus","lentic",0.00561304718450407,0.0403845082425808
"743","Poptella brevispina","lotic",0.00104767951073886,0.0177802535464158
"744","Porochilus rendahli","lotic",0.0143859309591264,0.00475222887708611
"745","Potamarius izabalensis","lotic",0.0187620425781056,0.00500038275454841
"746","Potamarius nelsoni","lentic",0.00331778847657472,0.00211240329299742
"747","Potamarius nelsoni","lotic",0.0182196110274016,0.00138479787795819
"748","Potamorhina altamazonica","lentic",0.000147056692067208,0.0227867953032415
"749","Potamorhina pristigaster","lentic",0.00322963360177452,0.0156991473438976
"750","Potamothrissa acutirostris","lotic",0.00113378684807256,0.0107079119571683
"751","Priapella compressa","lentic",0.0780936854944641,0.00370284665740924
"752","Priapella compressa","lotic",0.0055026265046214,0.037147644530392
"753","Pristella maxillaris","lotic",0.00483270606948981,0.00218945189998801
"754","Pristobrycon striolatus","lentic",0.00497278886247171,0.00428887434152703
"755","Prochilodus costatus","lotic",0.000823855344423758,0.000189957266339636
"756","Prochilodus lineatus","lotic",0.0752984342628012,0.0156337755361233
"757","Prochilodus nigricans","lentic",0.0254808684903896,0.00944685334144321
"758","Prosopium cylindraceum","lentic",0.00604138470622494,0.0143968579724816
"759","Proterorhinus semilunaris","lentic",0.0311832815198329,0.0109331499320775
"760","Psalidodon bockmanni","lotic",0.0225767883625867,0.00897155463336057
"761","Psalidodon fasciatus","lotic",0.013886820029433,0.0161082576499672
"762","Psalidodon intermedius","lotic",0.00388918890299611,0.00292328050359164
"763","Psalidodon rivularis","lotic",0.0189206736631624,0.0242643509765615
"764","Psalidodon rutilus","lotic",0.00413182758612827,0.00998515529012158
"765","Pseudetroplus maculatus","lotic",0.0137291245966852,0.0268278712377552
"766","Pseudobarbus afer","lotic",0.0125213980432835,0.0229591836734695
"767","Pseudobarbus phlegethon","lotic",0.255888479410351,0.0367647937657619
"768","Pseudochondrostoma duriense","lentic",0.0183519526882627,0.0275335171710545
"769","Pseudochondrostoma willkommii","lotic",0.0277324850361333,0.0109677342406847
"770","Pseudocrenilabrus philander","lentic",0.0187771826902986,0.0229756032297078
"771","Pseudocrenilabrus philander","lotic",0.0320357472233508,0.0396444436415727
"772","Pseudomugil signifer","lotic",0.0277435265792156,0.0252340740831462
"773","Pseudomugil tenellus","lotic",0.00029326713103795,0.00496078896721768
"774","Pseudomyxus capensis","lotic",0.304926219042284,0.142502420309082
"775","Pseudorasbora parva","lentic",0.0314118315359701,0.0445262263521786
"776","Pseudorasbora parva","lotic",0.0093006608675504,0.0240081181841177
"777","Pseudoxiphophorus bimaculatus","lotic",0.00241477272727273,0.00162962962962963
"778","Pterygoplichthys disjunctivus","lotic",0.0176895254261757,0.0251957320581059
"779","Pterygoplichthys pardalis","lentic",0.0388514858985932,0.0196419771394685
"780","Pterygoplichthys pardalis","lotic",0.0407753476881714,0.011635204156187
"781","Ptychocheilus oregonensis","lentic",0.067247874663211,0.00354485688947164
"782","Pungitius laevis","lotic",0.0252025678530753,0.0169217902424964
"783","Pungitius pungitius","lentic",0.0444365514801107,0.0460393191163751
"784","Pygocentrus nattereri","lentic",0.0128080173681289,0.00953665540235375
"785","Pygocentrus piraya","lotic",0.0133072881036152,0.0253518668173488
"786","Pylodictis olivaris","lotic",0.0208616615504987,0.14778164684936
"787","Pyrrhulina filamentosa","lotic",0.0108770599181169,0.0206941057580079
"788","Rasbora borapetensis","lotic",0.00911943195076292,0.00417563375621965
"789","Rasbora caudimaculata","lotic",0.00405649519800674,0.00430012420490046
"790","Rasbora paviana","lotic",0.0333442615567196,0.0248175953758833
"791","Rastrineobola argentea","lentic",0.0101358994569323,0.00196161014171347
"792","Retropinna retropinna","lotic",0.0304718444933824,0.0254492904053616
"793","Retropinna semoni","lotic",0.0359917397895299,0.0283853038411249
"794","Rhabdalestes maunensis","lentic",0.00528301400231662,0.00358051278385908
"795","Rhabdalestes maunensis","lotic",0.00685576979171335,0.00756225081660373
"796","Rhabdalestes yokai","lotic",0.000206137751552472,0.0321897972822455
"797","Rhamdia quelen","lotic",0.0173437317623299,0.0168930284511861
"798","Rhaphiodon vulpinus","lotic",0.0326879972526945,0.0412004441240975
"799","Rheoheros lentiginosus","lotic",0.00496882647525804,0.00286878357904803
"800","Rhinichthys atratulus","lotic",0.0411105471446635,0.0400230713560393
"801","Rhinichthys cataractae","lotic",0.0264111068431548,0.00698533208986305
"802","Rhinichthys cobitis","lotic",0.0164384328227231,0.00654642227043343
"803","Rhinichthys osculus","lotic",0.0189455775860838,0.0185175910219014
"804","Rhinodoras dorbignyi","lotic",0.00757134697763588,0.00829846998536454
"805","Rhinogobius duospilus","lotic",0.0178678407366977,0.00756613721503352
"806","Rhinogobius giurinus","lotic",0.0133504724544732,0.0627134838518349
"807","Rhinogobius lungwoensis","lotic",0.021438930902698,0.0684556456399738
"808","Rhodeus amarus","lentic",0.0376629379118889,0.019791558407401
"809","Rhodeus amarus","lotic",0.0240750497825689,0.0153594606336024
"810","Rhodeus ocellatus","lotic",0.0364806378974206,0.0372434216217777
"811","Rhonciscus crocro","lotic",0.00110025544474344,0.0118319211237299
"812","Rhynchocypris lagowskii","lotic",0.012820348185834,0.0035769035359245
"813","Ricola macrops","lotic",0.0108869740714129,0.00607571804001731
"814","Rocio octofasciata","lentic",0.0136884489013413,0.00887889157427695
"815","Rocio octofasciata","lotic",0.0124539859729419,0.0044304352874698
"816","Roeboexodon geryi","lotic",2.92575261963665e-05,0.00101399061444673
"817","Roeboides dayi","lotic",0.00657528468338297,0.00108649603230668
"818","Roeboides microlepis","lotic",0.0250490656281669,0.0102894851919046
"819","Roeboides xenodon","lotic",0.0391149796596902,0.035332768331825
"820","Rutilus frisii","lentic",0.0336621021660527,0.00381278960185354
"821","Rutilus rutilus","lentic",0.0343838123704283,0.0221580499945771
"822","Rutilus rutilus","lotic",0.029885917566024,0.0203287763130005
"823","Salaria fluviatilis","lentic",0.00923478210431404,0.00544852750677554
"824","Salaria fluviatilis","lotic",0.0217966712853495,0.0525239863491005
"825","Salminus brasiliensis","lotic",0.00852694931426627,0.011459128179261
"826","Salminus franciscanus","lotic",0.0139025244236196,0.00231190637004921
"827","Salmo marmoratus","lotic",0.0522233816440286,0.0460007742858172
"828","Salmo salar","lotic",0.0439557419627412,0.0301787476895245
"829","Salmo trutta","lentic",0.0503534639749674,0.0618937843949836
"830","Salmo trutta","lotic",0.0631621822233938,0.0553022721197047
"831","Salvelinus alpinus","lentic",0.075742169415611,0.0454176654679607
"832","Salvelinus fontinalis","lentic",0.0283853700818742,0.0285540079357357
"833","Salvelinus fontinalis","lotic",0.0337578993426449,0.0699324163597303
"834","Salvelinus malma","lotic",0.00180491275724412,0.0230243417496829
"835","Salvelinus namaycush","lentic",0.0329536760933801,0.0272684307446456
"836","Sandelia bainsii","lotic",0.171408822016461,0.263946280991735
"837","Sandelia capensis","lotic",0.0956222687657954,0.239328797357
"838","Sander canadensis","lotic",0.119741939549915,0.0414284745286918
"839","Sander lucioperca","lentic",0.0379020175709855,0.0305314841814288
"840","Sander lucioperca","lotic",0.0137894517472149,0.0223376342585042
"841","Sander vitreus","lentic",0.0283584489956932,0.0148819961113455
"842","Sander vitreus","lotic",0.0403108293114356,0.0375843676264538
"843","Sargochromis carlottae","lentic",0.0197309933331778,0.0411741289461728
"844","Sargochromis carlottae","lotic",0.0111922443888254,0.0127476445462151
"845","Sargochromis codringtonii","lentic",0.0123866799849722,0.00695561079413284
"846","Sargochromis codringtonii","lotic",0.00515255594530163,0.0138294559760313
"847","Sargochromis giardi","lotic",0.00354692402878155,0.00729093773229187
"848","Sarotherodon galilaeus","lentic",0.00610281167816692,0.00570231585799916
"849","Scardinius erythrophthalmus","lentic",0.0300246303426228,0.0247541531106891
"850","Scardinius erythrophthalmus","lotic",0.050428262933287,0.0238741942145954
"851","Schilbe grenfelli","lotic",0.000853998401991734,0.00384249206588258
"852","Schilbe intermedius","lentic",0.0403251205902799,0.0257243190802819
"853","Schilbe intermedius","lotic",0.00738798391930398,0.0155213945666067
"854","Schilbe laticeps","lotic",0.0012454155822962,0.00480804930571025
"855","Schilbe marmoratus","lotic",0.000710834038623625,0.0297662886788186
"856","Schilbe mystus","lentic",0.0103118933857534,0.0204983176428745
"857","Schilbe yangambianus","lotic",0.00147732055279273,0.0471337343135071
"858","Schistura kohchangensis","lotic",0.0163322420874765,0.0222389194364678
"859","Scleropages jardinii","lentic",0.00889222799015571,0.0245961917025236
"860","Scleropages jardinii","lotic",0.00821029913680847,0.0221175268316272
"861","Scortum hillii","lentic",0.019918085317545,0.0395668323407068
"862","Scortum hillii","lotic",0.00786511244563487,0.0336439580367236
"863","Sedercypris calidus","lotic",0.0744004700101482,0.0329012633415803
"864","Selenotoca multifasciata","lotic",0.00913332879743559,0.0128074066843834
"865","Semotilus atromaculatus","lentic",0.00465356311120024,0.00334403507923841
"866","Semotilus atromaculatus","lotic",0.033870698705174,0.0365246417912084
"867","Semotilus corporalis","lotic",0.00284164238169988,0.00655219945046917
"868","Serranochromis altus","lotic",0.00635877894959755,0.0122044760203734
"869","Serranochromis angusticeps","lotic",0.00547444126111697,0.00675209102283486
"870","Serranochromis macrocephalus","lentic",0.0110617826427763,0.00928779534821392
"871","Serranochromis macrocephalus","lotic",0.00454968792762592,0.102529064656006
"872","Serranochromis robustus","lentic",0.0015581839836263,0.00164152913500894
"873","Serranochromis robustus","lotic",0.00136357942963466,0.00868434940328713
"874","Serrapinnus heterodon","lotic",0.0290255560847704,0.00534231372634746
"875","Serrapinnus piaba","lotic",0.0094518669851481,0.00372454523789874
"876","Serrasalmus brandtii","lotic",0.00687453170978365,0.0195372040698104
"877","Serrasalmus maculatus","lotic",0.00255643243643967,0.00572328471798918
"878","Serrasalmus rhombeus","lentic",0.00136040487338055,0.00358059851746035
"879","Sicyopterus lagocephalus","lotic",0.0464505974389466,0.0486622944739634
"880","Silurus glanis","lentic",0.0254279737995207,0.0219135625827211
"881","Silurus glanis","lotic",0.0630537317330493,0.0350169638841859
"882","Sparus aurata","lentic",0.00700600068715797,0.0122565435700466
"883","Squalius alburnoides","lotic",0.0375543827613113,0.0202803573928536
"884","Squalius carolitertii","lentic",0.00423689174650551,0.0111936976442396
"885","Squalius cephalus","lentic",0.00685457762479421,0.0158976514988852
"886","Squalius cephalus","lotic",0.0225087474185886,0.0255624755225369
"887","Squalius fellowesii","lentic",0.0277791634263906,0.0532796643550399
"888","Squalius laietanus","lotic",0.0524841433532673,0.103536309213596
"889","Squalius pursakensis","lentic",0.0269129725449522,0.0550775190719029
"890","Squalius recurvirostris","lentic",0.0326520536668046,0.0189285499075836
"891","Stegophilus insidiosus","lotic",0.00107309449093015,0.000412710053503317
"892","Steindachnerina brevipinna","lotic",0.0134836512832712,0.0232347021871203
"893","Steindachnerina elegans","lotic",0.0272478323328343,0.0189813740617321
"894","Steindachnerina varii","lotic",0.0724640153208388,0.000362211677361561
"895","Stenodus leucichthys","lotic",0.0165101276714976,0.000579371078916338
"896","Sternopygus macrurus","lotic",0.0215475292004744,0.0218903661476645
"897","Stomatorhinus kununguensis","lotic",0.0275835553423362,0.0363390254060808
"898","Strongylura hubbsi","lotic",0.0218022735776079,0.0110936848773736
"899","Strongylura krefftii","lentic",0.0760723153787158,0.0271977227021856
"900","Strongylura krefftii","lotic",0.00765134076750973,0.0113681425509606
"901","Strongylura marina","lentic",0.0138040184994058,0.0165260927064736
"902","Strongylura marina","lotic",0.00135716805075336,0.00534157914582305
"903","Strongylura notata","lentic",0.0252429219834866,0.0141658401110891
"904","Strongylura notata","lotic",0.0176118697308784,0.0150672556016594
"905","Syncomistes butleri","lotic",0.100315883614239,0.0563506729072385
"906","Synodontis alberti","lotic",0.000523975271089157,0.00196966541718728
"907","Synodontis angelicus","lotic",0.00130653574089763,0.000208246563931698
"908","Synodontis centralis","lotic",0.00143494897959184,0.0089976204640095
"909","Synodontis congicus","lotic",0.03157276713521,0.047384555652353
"910","Synodontis contractus","lotic",0.00429453649067656,0.00392069503230118
"911","Synodontis dorsomaculatus","lotic",0.00511975623582766,0.00267697798929208
"912","Synodontis flavitaeniatus","lotic",0.0105322309730673,0.0392645138734189
"913","Synodontis greshoffi","lotic",0.00417951365412965,0.01277028305387
"914","Synodontis leopardinus","lentic",0.0306677536988243,0.0106536954371554
"915","Synodontis macrostigma","lentic",0.00218200061185246,0.0116443992185979
"916","Synodontis macrostigma","lotic",0.0213613207051698,7.66277725536343e-05
"917","Synodontis macrostoma","lentic",0.0311477514422237,0.0795365606999956
"918","Synodontis macrostoma","lotic",0.0223440684009336,0.00461110068600646
"919","Synodontis membranaceus","lentic",0.00338818751363524,0.0107824900320493
"920","Synodontis nigriventris","lotic",0.0173035957680188,0.0406179379591562
"921","Synodontis nigromaculatus","lotic",0.0163307474440152,0.0139421409661377
"922","Synodontis nummifer","lotic",0.00143494897959184,0.0542088042831648
"923","Synodontis ocellifer","lentic",0.00400220273901821,0.00677865244260908
"924","Synodontis pleurops","lotic",0.0131606256400834,0.00253366652783563
"925","Synodontis schall","lentic",0.00566449798595013,0.00827733791091024
"926","Synodontis vanderwaali","lotic",0.115901799104824,0.00834391301139577
"927","Synodontis victoriae","lentic",0.00761663139128349,0.00105033358553236
"928","Synodontis woosnami","lentic",0.016928626522176,0.0365159902010843
"929","Synodontis zambezensis","lentic",0.038820108626408,0.00446386302786556
"930","Tandanus tandanus","lentic",0.00506801863892683,0.0281174114583333
"931","Tandanus tandanus","lotic",0.0219406868931139,0.0037101047931677
"932","Telestes souffia","lotic",0.0148557685440074,0.00972410038184206
"933","Tetragonopterus franciscoensis","lotic",0.0400626878830248,0.000584757994766458
"934","Tetragonopterus georgiae","lotic",0.00154831151028156,0.00385640980658743
"935","Tetragonopterus rarus","lotic",0.0006816278210542,0.00108275952809087
"936","Theraps irregularis","lotic",0.0147969988654385,0.00232258284839124
"937","Thorichthys helleri","lentic",0.0063755793007797,0.00601030097092395
"938","Thorichthys helleri","lotic",0.0239006411483835,0.013218765063666
"939","Thorichthys meeki","lentic",0.0122970113175469,0.0202415010818714
"940","Thorichthys pasionis","lentic",0.0090968918890958,0.0109425245018535
"941","Thorichthys pasionis","lotic",0.00683946821023763,0.0105589507752569
"942","Thryssa scratchleyi","lentic",0.00726471586630167,0.000287693329590809
"943","Thymallus arcticus","lentic",0.0117354058583552,0.0108995375981071
"944","Thymallus nigrescens","lentic",0.0187431163064607,0.0102744299722824
"945","Thymallus thymallus","lotic",0.024297872333677,0.022070945010575
"946","Thymallus tugarinae","lotic",0.00707754173615416,0.0087753061953477
"947","Tilapia ruweti","lentic",0.00335469747482474,0.0204630958792899
"948","Tilapia sparrmanii","lentic",0.0944948445660959,0.021094795021475
"949","Tilapia sparrmanii","lotic",0.0403492617080054,0.0210767557719356
"950","Tinca tinca","lentic",0.0146424848582752,0.00861214376410347
"951","Tlaloc labialis","lotic",0.00457017155245545,0.0215082742316785
"952","Toxotes chatareus","lentic",0.0121230359959502,0.00923054269532714
"953","Toxotes chatareus","lotic",0.0296624361536792,0.0266091039835394
"954","Toxotes kimberleyensis","lentic",0.00518589332200546,0.00439077233058271
"955","Toxotes kimberleyensis","lotic",0.00407630532387456,0.00751750602344198
"956","Trachelyopterus albicrux","lotic",0.00201945729595828,0.000424520355847723
"957","Trachelyopterus galeatus","lotic",0.00375807647554584,0.00754179701420522
"958","Trachelyopterus teaguei","lotic",0.0010326099690535,0.00727785820574421
"959","Trichomycterus areolatus","lotic",0.0157005898927181,0.0087231328690514
"960","Trichromis salvini","lentic",0.0134346595744575,0.0399889891964489
"961","Trichromis salvini","lotic",0.00545897371294194,0.0123045267489712
"962","Triportheus guentheri","lotic",0.0176828548491428,0.0200322920283484
"963","Tylochromis lateralis","lotic",0.0091125812553124,0.00811377371184242
"964","Vieja hartwegi","lotic",0.0531868051877198,0.00362379430723314
"965","Vieja melanurus","lentic",0.0300562131371694,0.0275933043958604
"966","Vieja melanurus","lotic",0.0142329272015873,0.0212312544301229
"967","Vimba vimba","lentic",0.00749334150228396,0.00381814607844189
"968","Wajpamheros nourissati","lotic",0.00743100120909846,0.00204267490288226
"969","Xenocharax spilurus","lotic",0.00810900486311462,0.0313703681452199
"970","Xenomystus nigri","lotic",0.0060106112910769,0.00818033293612487
"971","Xiphophorus maculatus","lotic",0.0162286000924244,0.0372461091580021
